Date,Country,Country ISO,Admin 1,Location of event,Reported Perpetrator,Reported Perpetrator Name,Weapon Carried/Used,Type of education facility,Attacks on Schools,Attacks on Universities,Military Occupation of Education facility,Arson attack on education facility,Forced Entry into education facility,Damage/Destruction To Ed facility Event,Attacks on Students and Teachers,Educators Killed,Educators Injured,Educators Kidnapped,Educators Arrested,Known Educators Kidnap Or Arrest Outcome,Students Attacked in School,Students Killed,Students Injured,Students Kidnapped,Known Student Kidnap Or Arrest Outcome,Students Arrested,Sexual Violence Affecting School Age Children,SiND Event ID,Date Event Entered,Date Event Modified
2025-12-07,South Sudan,SSD,Western Bahr el Ghazal State,Private Travel,Government: Military,South Sudan People's Defence Force,Firearms,Primary School,0,0,0,0,0,0,TRUE,0,0,0,0,,1,0,0,0,,0,0,123107,2026-01-18,2026-02-04
2025-12-03,South Sudan,SSD,Jonglei,Education Building,Government: Military,South Sudan People's Defence Force,Aerial Bomb: Plane,Secondary School,1,0,0,0,0,1,TRUE,0,0,0,0,,1,0,1,0,,0,0,123108,2026-01-18,2026-03-10
2025-12-03,South Sudan,SSD,Jonglei,Education Building,Government: Military,South Sudan People's Defence Force,Aerial Bomb: Plane,Secondary School,1,0,0,0,0,1,TRUE,0,0,0,0,,1,0,1,0,,0,0,124549,2026-02-10,2026-02-13
2025-10-02,South Sudan,SSD,Western Equatoria,Education Building,NSA,SPLA-IO Sudan People's Liberation Army in Opposition,Firearms,School: No Further Details,1,0,0,0,0,1,FALSE,0,0,0,0,,0,0,0,0,,0,0,119436,2025-11-01,2026-02-05
2025-05-09,South Sudan,SSD,Lakes,Unspecified Location,No Information,No Information,Firearms,Not Applicable,0,0,0,0,0,0,FALSE,0,0,0,4,Freed,0,0,0,0,,0,0,100744,2025-06-17,2026-03-10
2025-02-08,South Sudan,SSD,Western Equatoria,Education Building,Government: Military,South Sudan People's Defence Force,Firearms,Secondary School,1,0,0,0,0,0,TRUE,0,0,0,0,,2,2,0,2,Killed,0,0,95436,2025-05-01,2025-05-25
2024-11-17,South Sudan,SSD,Central Equatoria,Education Building,NSA,Unidentified Armed Actor,Firearms,School: No Further Details,1,0,0,0,0,0,FALSE,0,0,0,0,,0,0,0,0,,0,0,87535,2025-01-21,2025-02-02
2024-06-12,South Sudan,SSD,Central Equatoria,Education Building,Police,South Sudan National Police Service,No Information on the Weapon Used,University,0,1,0,0,0,0,TRUE,0,0,0,0,,0,0,0,0,,0,0,60741,2024-07-28,2025-01-20
2024-01-19,South Sudan,SSD,Warrap,Education Building,NSA,Unidentified Armed Actor,Arson,School: No Further Details,1,0,0,1,0,1,FALSE,0,0,0,0,,0,0,0,0,,0,0,44441,2024-02-22,2024-12-27
2024-01-12,South Sudan,SSD,Northern Bahr el Ghazal,Education Building,Police,South Sudan National Police Service,Firearms,Not Applicable,0,0,0,0,0,0,FALSE,0,0,0,7,Freed,0,0,0,0,,0,0,44439,2024-02-22,2025-01-10
2023-09-09,South Sudan,SSD,Western Equatoria,Home,No Information,No Information,Firearms,Not Applicable,0,0,0,0,0,0,FALSE,1,0,0,0,,0,0,0,0,,0,0,63735,2024-08-09,2026-03-10
2023-08-23,South Sudan,SSD,Western Bahr el Ghazal State,Education Building,Police,South Sudan National Police Service,Firearms,University,0,1,1,0,1,0,TRUE,0,0,0,0,,0,0,0,0,Freed,2,0,41494,2023-10-30,2024-11-24
2023-08-16,South Sudan,SSD,Western Bahr el Ghazal State,Education Building,Police,South Sudan National Police Service,Firearms,University,0,1,1,0,1,0,FALSE,0,0,0,0,,0,0,0,0,,0,0,41143,2023-10-16,2024-11-24
2023-07-06,South Sudan,SSD,Central Equatoria,Education Building,NSA,Dinka Soldiers,Firearms,Secondary School,1,0,0,0,1,0,FALSE,0,0,0,0,,0,0,0,0,,0,0,40654,2023-09-29,2025-01-10
2023-06-15,South Sudan,SSD,Lakes,Unspecified Location,Police,South Sudan National Police Service,Firearms,Not Applicable,0,0,0,0,0,0,FALSE,0,0,0,15,NoInformation,0,0,0,0,,0,0,63736,2024-08-09,2026-03-10
2022-11-09,South Sudan,SSD,Western Bahr el Ghazal State,Education Building,Police,Intelligence/security forces (South Sudan),Firearms,University,0,1,0,0,1,0,TRUE,0,0,1,0,Freed,1,0,0,0,,0,0,36281,2023-01-09,2026-01-01
2022-09-05,South Sudan,SSD,Jonglei,Public Building,No Information,No Information,Firearms,School: No Further Details,1,0,0,0,1,1,FALSE,0,0,0,0,,0,0,0,0,,0,0,34579,2022-09-29,2024-11-24
2022-08-20,South Sudan,SSD,Jonglei,Education Building,NSA,Unidentified Armed Actor,Arson,School: No Further Details,1,0,0,1,0,1,FALSE,0,0,0,0,,0,0,0,0,,0,0,63856,2024-08-10,2026-03-10
2022-08-20,South Sudan,SSD,Jonglei,Education Building,NSA,Unidentified Armed Actor,Arson,School: No Further Details,1,0,0,1,0,1,FALSE,0,0,0,0,,0,0,0,0,,0,0,63889,2024-08-10,2026-03-10
2022-08-12,South Sudan,SSD,Jonglei,Unspecified Location,Police,South Sudan National Police Service,Firearms,Not Applicable,0,0,0,0,0,0,FALSE,0,0,0,1,NoInformation,0,0,0,0,,0,0,63737,2024-08-09,2026-03-10
2022-08-08,South Sudan,SSD,Eastern Equatoria,Unspecified Location,NSA,Unidentified Armed Actor,Firearms,Not Applicable,0,0,0,0,0,0,FALSE,0,1,0,0,,0,0,0,0,,0,0,35588,2022-11-28,2024-11-24
2022-08-07,South Sudan,SSD,Eastern Equatoria,On Way To or From School,Other,Herdsmen (Sudan),Firearms,Not Applicable,0,0,0,0,0,0,FALSE,2,0,0,0,,0,0,0,0,,0,0,35335,2022-11-09,2024-11-24
2022-07-31,South Sudan,SSD,Eastern Equatoria,Home,Government: Military,South Sudan People's Defence Force,Firearms,Not Applicable,0,0,0,0,0,0,FALSE,0,0,0,1,NoInformation,0,0,0,0,,0,0,35411,2022-11-18,2024-11-24
2022-07-31,South Sudan,SSD,Eastern Equatoria,Education Building,Government: Military,South Sudan People's Defence Force,Firearms,Not Applicable,0,0,0,0,0,0,FALSE,0,0,0,0,,0,0,0,0,,0,0,35412,2022-11-18,2026-03-10
2022-07-01,South Sudan,SSD,Greater Pibor Administrative Area,Education Building,No Information,No Information,Arson,Primary School,1,0,0,1,0,1,FALSE,0,0,0,0,,0,0,0,0,,0,0,63955,2024-08-10,2026-03-10
2022-07-01,South Sudan,SSD,Greater Pibor Administrative Area,Education Building,No Information,No Information,Arson,Primary School,1,0,0,1,0,1,FALSE,0,0,0,0,,0,0,0,0,,0,0,63988,2024-08-10,2026-03-10
2022-06-20,South Sudan,SSD,Lakes,Other,Government: Military,South Sudan People's Defence Force,Firearms,Not Applicable,0,0,0,0,0,0,FALSE,0,0,0,40,"Freed, NoInformation",0,0,0,0,,0,0,34636,2022-10-01,2026-03-10
2022-06-15,South Sudan,SSD,Central Equatoria,Education Building,Government: Military,South Sudan People's Defence Force,Firearms,Primary School,1,0,0,0,0,1,FALSE,0,0,0,0,,0,0,0,0,,0,0,63922,2024-08-10,2026-03-10
2022-06-01,South Sudan,SSD,Greater Pibor Administrative Area,Education Building,NSA,Unidentified Armed Actor,No Information on the Weapon Used,Primary School,1,0,1,0,0,1,FALSE,0,0,0,0,,0,0,0,0,,0,0,63731,2024-08-09,2026-03-10
2022-03-31,South Sudan,SSD,Warrap,Education Building,NSA,Unidentified Armed Actor,Arson,School: No Further Details,1,0,0,1,0,1,FALSE,0,0,0,0,,0,0,0,0,,0,0,33079,2022-07-02,2025-01-10
2022-03-29,South Sudan,SSD,No Information,Education Building,Donor Government,Government of Sudan,Not Applicable: No Direct Violence,Not Applicable,0,0,0,0,0,0,FALSE,0,0,0,0,,0,0,0,0,,0,0,33106,2022-07-03,2024-11-24
2022-03-03,South Sudan,SSD,Jonglei,Education Building,Police,South Sudan National Police Service,Firearms,Not Applicable,0,0,0,0,0,0,FALSE,0,0,0,0,,0,0,0,0,NoInformation,3,0,33082,2022-07-02,2025-01-10
2022-03-01,South Sudan,SSD,Jonglei,Education Building,Police,South Sudan National Police Service,No Information on the Weapon Used,University,0,0,0,0,0,0,TRUE,0,0,0,0,,0,0,0,0,NoInformation,3,0,63727,2024-08-09,2026-03-10
2022-02-09,South Sudan,SSD,Jonglei,Unspecified Location,Police,South Sudan National Police Service,Firearms,Not Applicable,0,0,0,0,0,0,FALSE,0,0,0,1,NoInformation,0,0,0,0,,0,0,63738,2024-08-09,2026-03-10
2022-02-09,South Sudan,SSD,Jonglei,Unspecified Location,Police,South Sudan National Police Service,Fist and Foot,Not Applicable,0,0,0,0,0,0,FALSE,0,1,0,0,,0,0,0,0,,0,0,63823,2024-08-10,2026-03-10
2021-09-20,South Sudan,SSD,Western Equatoria,Education Building,NSA,Unidentified Armed Actor,Firearms,School: No Further Details,1,0,0,0,1,0,FALSE,0,0,0,0,,0,0,0,0,,0,0,125536,2026-03-02,2026-03-08
2021-06-20,South Sudan,SSD,Eastern Equatoria,Education Building,NSA,Unidentified Armed Actor,Firearms,School: No Further Details,1,0,0,0,1,0,TRUE,0,0,0,0,,1,0,0,0,,0,0,28582,2021-08-09,2024-11-24
2021-06-15,South Sudan,SSD,Great Pibor Administrative Area,On Way To or From School,NSA,Unidentified Armed Actor,Firearms,Not Applicable,0,0,0,0,0,0,FALSE,0,1,0,0,,0,0,0,0,,0,0,28371,2021-07-23,2025-01-10
2021-02-02,South Sudan,SSD,Upper Nile,Education Building,NSA,Unidentified Armed Actor,Firearms,Secondary School,1,0,0,0,1,0,FALSE,0,0,0,0,,0,0,0,0,,0,0,27155,2021-04-27,2025-01-28
2020-12-31,South Sudan,SSD,Central Equatoria,Education Building,No Information,No Information,Firearms,School: No Further Details,1,0,0,0,1,0,FALSE,0,0,0,0,,0,0,0,0,,0,0,26611,2021-03-02,2025-01-10
2020-11-25,South Sudan,SSD,Central Equatoria,Unspecified Location,No Information,No Information,Firearms,Not Applicable,0,0,0,0,0,0,FALSE,1,0,0,0,,0,0,0,0,,0,0,26216,2021-01-21,2025-01-10
2020-11-24,South Sudan,SSD,Greater Pibor Administrative Area,Education Building,NSA,Unidentified Armed Actor,Firearms,Not Applicable,0,0,0,0,0,0,FALSE,0,0,0,0,,0,1,1,0,,0,0,26303,2021-02-05,2024-11-24
2020-09-18,South Sudan,SSD,Jonglei,Education Building,Employee,Employee,Firearms,Not Applicable,0,0,0,0,0,0,FALSE,0,0,0,0,,0,0,0,0,,0,0,25741,2020-10-27,2026-03-10
2020-06-20,South Sudan,SSD,Central Equatoria,Education Building,NSA,Unidentified Armed Actor,Firearms,University,0,1,0,0,1,0,FALSE,0,0,0,0,,0,0,0,0,,0,0,25044,2020-08-21,2024-11-24
2020-01-27,South Sudan,SSD,Central Equatoria,Unspecified Location,NSA,Unidentified Armed Actor,Firearms,Not Applicable,0,0,0,0,0,0,FALSE,0,0,1,0,NoInformation,0,0,0,0,,0,0,25074,2020-08-26,2025-01-10
2020-01-12,South Sudan,SSD,Central Equatoria,On Way To or From School,NSA,Unidentified Armed Actor,Firearms,Not Applicable,0,0,0,0,0,0,FALSE,1,0,0,0,,0,0,0,0,,0,0,24820,2020-07-23,2025-01-10
2018-02-26,South Sudan,SSD,Lakes,Education Building,Government: Military,Sudan People's Liberation Army,Arson,School: No Further Details,1,0,0,1,0,1,TRUE,0,0,0,0,,13,0,0,0,,0,0,22025,2018-05-23,2026-02-12