Admin1,Admin1_Pcode,Admin2,Admin2_Alternate_Name,Admin2_Pcode,Population - 2025,"% Male children
 under 5","No. of Male
children under 5","% Female
children under 5","No. of Female
children under 5","% Male children 
aged 5 - 17 years","No. of Male children 
aged 5 - 17 years","% Female children 
aged 5 - 17 years","No. of Female 
children aged 5 - 17 years","% Male adults 
aged 18 - 60","No. of  Male 
adults aged 18 - 60","% Female adults 
aged 18 - 60","No. of Female 
adults aged 18 - 60","% Male adults 
aged over 60","No. of Male adults 
aged over 60","% Female adults 
aged over 60","No. Female adults 
aged over 60"
Abyei Administrative Area,SS00,Abyei Administrative Area,Abyei Administrative Area,SS0001,145358.0,0.096,13954.368,0.089,12936.862,0.177,25728.365999999998,0.173,25146.933999999997,0.19,27618.02,0.202,29362.316000000003,0.034,4942.1720000000005,0.039,5668.962
Central Equatoria,SS01,Juba,,SS0101,570834.1373909959,0.074,42241.726166933695,0.0974,55599.244981883,0.154,87908.45715821336,0.159,90762.62784516835,0.23199999999999998,132433.51987471103,0.241,137571.02711123,0.023499999999999997,13414.602228688402,0.0191,10902.93202416802
Central Equatoria,SS01,Kajo-keji,,SS0102,257989.29882283875,0.0163,4205.225570812271,0.0301,7765.477894567446,0.0575,14834.38468231323,0.0581,14989.178261606932,0.328,84620.49001389112,0.32,82556.57562330841,0.127,32764.64095050052,0.063,16253.325825838841
Central Equatoria,SS01,Lainya,,SS0103,119155.1016820589,0.105,12511.285676616184,0.101,12034.66526988795,0.11,13107.06118502648,0.104,12392.130574934125,0.28600000000000003,34078.35908106885,0.234,27882.293793601784,0.026999999999999996,3217.1877454155897,0.033,3932.1183555079438
Central Equatoria,SS01,Morobo,,SS0104,136696.6297490318,0.0815,11140.775324546092,0.105,14353.146123648337,0.17800000000000002,24332.00009532766,0.163,22281.550649092183,0.21799999999999997,29799.865285288928,0.203,27749.415839053458,0.032600000000000004,4456.310129818437,0.0189,2583.566302256701
Central Equatoria,SS01,Terekeka,,SS0105,266692.85729864676,0.0885,23602.317870930237,0.0831,22162.176441517546,0.18099999999999997,48271.407171055056,0.164,43737.62859697807,0.1934,51578.39860155828,0.231,61606.050035987406,0.0186,4960.48714575483,0.0404,10774.391434865329
Central Equatoria,SS01,Yei,,SS0106,327601.72713417624,0.0938,30729.04200518573,0.122,39967.4107103695,0.14600000000000002,47829.85216158973,0.189,61916.72642835931,0.174,57002.70052134666,0.193,63227.13333689602,0.0532,17428.411883538174,0.029,9500.450086891111
Eastern Equatoria,SS02,Budi,,SS0201,108473.79633665689,0.1036,11237.885300477654,0.0978,10608.737281725043,0.189,20501.54750762815,0.173,18765.96676624164,0.16,17355.807413865103,0.22,23864.235194064517,0.018099999999999998,1963.3757136934894,0.0385,4176.24115896129
Eastern Equatoria,SS02,Ikotos,,SS0202,111147.89764864207,0.1161,12904.270917007345,0.105,11670.529253107417,0.158,17561.367828485447,0.156,17339.072033188164,0.171,19006.290497917795,0.218,24230.24168740397,0.0278,3089.9115546322496,0.0481,5346.213876899684
Eastern Equatoria,SS02,Kapoeta East,,SS0203,175077.84063451004,0.132,23110.274963755324,0.0871,15249.279919265824,0.1716,30043.357452881923,0.17,29763.23290786671,0.19300000000000003,33790.02324246044,0.211,36941.424373881615,0.0192,3361.4945401825926,0.0161,2818.7532342156114
Eastern Equatoria,SS02,Kapoeta North,,SS0204,162158.1824956413,0.109,17675.2418920249,0.107,17350.925527033618,0.212,34377.534689075954,0.167,27080.416476772098,0.162,26269.62556429389,0.171,27729.049206754662,0.0343,5562.025659600496,0.0377,6113.363480085676
Eastern Equatoria,SS02,Kapoeta South,,SS0205,105511.34898970785,0.093,9812.55545604283,0.102,10762.157596950201,0.2188,23085.88315894808,0.205,21629.82654289011,0.183,19308.576865116538,0.188,19836.133610065077,0.006260000000000001,660.5010446755713,0.00394,415.71471501944893
Eastern Equatoria,SS02,Lafon,Lafon/Lopa,SS0206,163767.03771167423,0.121,19815.81156311258,0.135,22108.550091076024,0.14600000000000002,23909.987505904443,0.184,30133.134938948057,0.188,30788.203089794755,0.193,31607.038278353128,0.009000000000000001,1473.9033394050682,0.024,3930.4089050801817
Eastern Equatoria,SS02,Magwi,,SS0207,314108.59224918525,0.13,40834.11699239408,0.0918,28835.168768475207,0.1637,51419.57655119163,0.148,46488.071652879415,0.185,58110.08956609927,0.203,63764.044226584614,0.0343,10773.924714147053,0.0442,13883.599777413989
Eastern Equatoria,SS02,Torit,,SS0208,65843.69992102544,0.107,7045.2758915497225,0.117,7703.712890759977,0.147,9679.02388839074,0.184,12115.24078546868,0.19900000000000004,13102.896284284066,0.207,13629.645883652267,0.011,724.2806991312798,0.028,1843.6235977887125
Jonglei,SS03,Akobo,,SS0301,238041.72101560212,0.0937,22304.50925916192,0.0766,18233.995829795123,0.17700000000000002,42133.38461976158,0.159,37848.63364148074,0.1767,42061.972103456894,0.21,49988.76141327644,0.0412,9807.318905842807,0.0658,15663.145242826618
Jonglei,SS03,Ayod,,SS0302,205709.13592529,0.0885,18205.258529388164,0.0962,19789.218876012896,0.168,34559.13483544872,0.151,31062.07952471879,0.21,43198.9185443109,0.207,42581.79113653503,0.0303,6232.9868185362875,0.049,10079.74766033921
Jonglei,SS03,Bor South,,SS0303,354711.1334928438,0.1333,47282.99409459608,0.0904,32065.886467753076,0.166,58882.04815981207,0.155,54980.225691390784,0.171,60655.60382727629,0.224,79455.29390239701,0.0373,13230.725279283073,0.023,8158.356070335407
Jonglei,SS03,Canal/Pigi,Pigi,SS0304,111613.13840110668,0.0908,10134.472966820487,0.0641,7154.402171510939,0.141,15737.45251455604,0.154,17188.42331377043,0.21300000000000002,23773.598479435725,0.241,26898.76635466671,0.0466,5201.172249491572,0.0495,5524.850350854781
Jonglei,SS03,Duk,,SS0305,206545.44235131986,0.112,23133.089543347825,0.0958,19787.05337725644,0.17600000000000002,36351.9978538323,0.159,32840.72533385986,0.1873,38685.961352402206,0.209,43167.99745142585,0.0245,5060.363337607337,0.0364,7518.254101588043
Jonglei,SS03,Fangak,Old Fangak,SS0306,213029.10373006188,0.0989,21068.57835890312,0.111,23646.23051403687,0.211,44949.14088704305,0.163,34723.743908000084,0.1882,40092.07732199765,0.148,31528.307352049156,0.0321,6838.234229734985,0.0478,10182.79115829696
Jonglei,SS03,Nyirol,,SS0307,153294.86998934194,0.09,13796.538299040774,0.0765,11727.057554184657,0.21799999999999997,33418.28165767654,0.1914,29340.638115960046,0.15999999999999998,24527.179198294707,0.186,28512.845818017602,0.028000000000000004,4292.256359701575,0.0501,7680.072986466031
Jonglei,SS03,Pibor,,SS0308,237649.09242000672,0.137,32557.925661540925,0.117,27804.943813140788,0.13799999999999998,32795.57475396092,0.155,36835.60932510104,0.1717,40804.34916851515,0.196,46579.22211432132,0.031100000000000003,7390.88677426221,0.0542,12880.580809164365
Jonglei,SS03,Pochalla,,SS0309,82567.65881712468,0.136,11229.201599128957,0.1032,8520.982389927267,0.195,16100.693469339314,0.174,14366.772634179693,0.10499999999999998,8669.604175798091,0.272,22458.403198257914,0.006440000000000001,531.7357227822831,0.00836,690.2656277111623
Jonglei,SS03,Twic East,,SS0310,129822.0621484151,0.0737,9567.885980338193,0.0834,10827.15998317782,0.15200000000000002,19732.9534465591,0.173,22459.216751675813,0.18,23367.97118671472,0.256,33234.44790999427,0.0412,5348.668960514702,0.0407,5283.757929440495
Jonglei,SS04,Uror,,SS0311,205594.44785430626,0.1436,29523.36271187838,0.129,26521.683773205506,0.14400000000000002,29605.600491020105,0.178,36595.811718066514,0.183,37623.78395733805,0.193,39679.72843588111,0.0126,2590.490042964259,0.0168,3453.986723952345
Lakes,SS04,Awerial,,SS0401,144223.10318446739,0.0634,9143.744741895232,0.061,8797.60929425251,0.227,32738.6444228741,0.234,33748.20614516537,0.1774,25585.178504924515,0.194,27979.282017786674,0.019200000000000002,2769.083581141774,0.024,3461.3544764272174
Lakes,SS04,Cueibet,,SS0402,189198.79578428858,0.0754,14265.589202135357,0.0426,8059.868700410693,0.225,42569.72905146493,0.204,38596.554339994866,0.17700000000000002,33488.18685381908,0.166,31407.000100191904,0.049800000000000004,9422.100030057572,0.0602,11389.767506214172
Lakes,SS04,Rumbek Centre,,SS0403,222497.10257945093,0.0811,18044.515019193474,0.0557,12393.088613675416,0.221,49171.85967005866,0.226,50284.34518295591,0.196,43609.432105572385,0.193,42941.94079783403,0.0103,2291.7201565683445,0.0169,3760.2010335927203
Lakes,SS04,Rumbek East,,SS0404,180970.0431129817,0.0928,16794.0200008847,0.0782,14151.85737143517,0.1829,33099.42088536435,0.204,36917.88879504826,0.199,36013.03857948336,0.2,36194.00862259634,0.015799999999999998,2859.3266811851104,0.0273,4940.4821769844
Lakes,SS04,Rumbek North,,SS0405,75046.75698770842,0.0955,7166.965292326154,0.0976,7324.5634820003415,0.20299999999999999,15234.491668504808,0.216,16210.099509345018,0.151,11332.06030514397,0.17,12757.948687910432,0.0317,2378.982196510357,0.0352,2641.6458459673363
Lakes,SS04,Wulu,,SS0406,92246.65604849727,0.0805,7425.855811904031,0.0706,6512.613917023907,0.21700000000000003,20017.52436252391,0.184,16973.384712923496,0.198,18264.83789760246,0.188,17342.37133711749,0.028199999999999996,2601.3557005676225,0.0337,3108.7123088343583
Lakes,SS04,Yirol East,,SS0407,165810.49363138128,0.108,17907.533312189178,0.096,15917.807388612604,0.159,26363.868487389624,0.171,28353.5944109662,0.203,33659.5302071704,0.196,32498.856751750733,0.025600000000000005,4244.748636963362,0.0414,6864.554436339185
Lakes,SS04,Yirol West,,SS0408,181324.9418411846,0.0892,16174.184812233667,0.078,14143.345463612399,0.167,30281.26528747783,0.205,37171.61307744284,0.21000000000000002,38078.237786648766,0.172,31187.88999668375,0.030799999999999994,5584.808208708485,0.048,8703.597208376861
Northern Bahr el Ghazal,SS05,Aweil Centre,,SS0501,78958.42399909467,0.177,13975.641047839756,0.139,10975.22093587416,0.1407,11109.450256672619,0.133,10501.470391879591,0.149,11764.805175865105,0.169,13343.973655847,0.037099999999999994,2929.3575303664115,0.0552,4358.505004750025
Northern Bahr el Ghazal,SS05,Aweil East,,SS0502,395769.2028790267,0.0854,33798.68992586888,0.0934,36964.843548901095,0.2028,80261.99434386662,0.213,84298.84021323269,0.15600000000000003,61739.99564912818,0.18,71238.4565182248,0.027000000000000003,10685.768477733722,0.0424,16780.614202070734
Northern Bahr el Ghazal,SS05,Aweil North,,SS0503,185929.4750951999,0.0796,14799.986217577913,0.0678,12606.018411454552,0.2022,37594.93986424941,0.236,43879.35612246717,0.15400000000000003,28633.139164660788,0.188,34954.74131789758,0.0367,6823.611735993836,0.0357,6637.682260898637
Northern Bahr el Ghazal,SS05,Aweil South,,SS0504,151603.99788066585,0.11,16676.43976687324,0.0866,13128.906216465663,0.1585,24029.233664085536,0.189,28653.155599445847,0.19399999999999998,29411.17558884917,0.23,34868.91951255315,0.0157,2380.182766726454,0.0162,2455.9847656667866
Northern Bahr el Ghazal,SS05,Aweil West,,SS0505,223172.85012132523,0.102,22763.630712375172,0.116,25888.050614073727,0.191,42626.01437317312,0.193,43072.36007341577,0.174,38832.07592111059,0.18,40171.11302183854,0.0218,4865.16813264489,0.0222,4954.437272693421
Unity,SS06,Abiemnhom,,SS0601,60349.39265536997,0.0993,5992.694690678238,0.0852,5141.768254237521,0.1832,11056.00873446378,0.16,9655.902824859195,0.19899999999999998,12009.529138418624,0.233,14061.408488701203,0.0182,1098.3589463277335,0.0221,1333.7215776836765
Unity,SS06,Guit,,SS0602,73878.46680688998,0.117,8643.780616406128,0.1009,7454.337300815199,0.1861,13748.782672762223,0.188,13889.151759695316,0.13899999999999998,10269.106886157706,0.165,12189.947023136847,0.046099999999999995,3405.7973197976276,0.0579,4277.56322811893
Unity,SS06,Koch,,SS0603,115157.92194971234,0.087,10018.739209624973,0.0716,8245.307211599404,0.1714,19738.067822180696,0.202,23261.900233841894,0.16400000000000003,18885.89919975283,0.178,20498.110107048797,0.0325,3742.6324633656513,0.0935,10767.265702298104
Unity,SS06,Leer,,SS0604,86784.04656841136,0.0915,7940.740261009639,0.084,7289.859911746555,0.16699999999999998,14492.935776924694,0.182,15794.696475450866,0.19699999999999998,17096.457173977036,0.226,19613.194524460967,0.0124,1076.1221774483008,0.0401,3480.0402673932954
Unity,SS06,Mayendit,,SS0605,74335.3299255596,0.0956,7106.457540883499,0.0794,5902.225196089433,0.2018,15000.869578977929,0.176,13083.01806689849,0.177,13157.35339682405,0.177,13157.35339682405,0.032200000000000006,2393.5976236030197,0.061,4534.455125459136
Unity,SS06,Mayom,,SS0606,170251.42680984718,0.116,19749.165509942275,0.0929,15816.357550634802,0.16599999999999998,28261.73685043463,0.197,33539.5310815399,0.136,23154.19404613922,0.1361,23171.2191888202,0.0743,12649.681011971647,0.0817,13909.541570364514
Unity,SS06,Panyijiar,,SS0607,126238.9889546662,0.0762,9619.410958345565,0.0993,12535.531603198353,0.1842,23253.221765449514,0.223,28151.294536890564,0.20900000000000002,26383.94869152524,0.172,21713.106100202585,0.03055,3856.6011125650525,0.00575,725.8741864893307
Unity,SS06,Pariang,,SS0608,143831.91286329075,0.123,17691.325282184764,0.0963,13851.0132087349,0.17,24451.42518675943,0.167,24019.929448169558,0.175,25170.58475107588,0.192,27615.727269751824,0.0296,4257.424620753406,0.0471,6774.483095860995
Unity,SS06,Rubkona,,SS0609,361801.88119399897,0.102,36903.79188178789,0.0992,35890.746614444695,0.161,58250.10287223384,0.1672,60493.27453563662,0.193,69827.7630704418,0.186,67295.14990208381,0.0381,13784.651673491362,0.0535,19356.400643878944
Upper Nile,SS07,Baliet,,SS0701,76144.96422076739,0.0765,5825.089762888705,0.0575,4378.335442694125,0.251,19112.386019412614,0.226,17208.76191389343,0.15199999999999997,11574.03456155664,0.135,10279.5701698036,0.05609999999999999,4271.7324927850495,0.0459,3495.0538577332236
Upper Nile,SS07,Fashoda,,SS0702,83775.09532210129,0.103,8628.834818176432,0.086,7204.65819770071,0.19199999999999998,16084.818301843445,0.164,13739.115632824612,0.124,10388.11181994056,0.174,14576.866586045624,0.05,4188.754766105065,0.107,8963.935199464839
Upper Nile,SS07,Longochuk,,SS0703,80526.44469271293,0.118,9502.120473740126,0.0842,6780.326643126428,0.1745,14051.864598878406,0.176,14172.654265917476,0.17900000000000002,14414.233599995616,0.209,16830.026940777003,0.022,1771.5817832396845,0.0373,3003.6363870381924
Upper Nile,SS07,Luakpiny/Nasir,,SS0704,350741.75235790457,0.113,39633.81801644322,0.118,41387.526778232736,0.1655,58047.76001523321,0.183,64185.740681496536,0.16199999999999998,56820.16388198053,0.19,66640.93294800186,0.030200000000000005,10592.40092120872,0.0383,13433.409115307744
Upper Nile,SS07,Maban,,SS0705,84550.24776,0.0804,6797.8399199039995,0.0849,7178.316034824,0.204,17248.250543039998,0.2075,17544.176410199998,0.18899999999999997,15979.996826639997,0.171,14458.092366960002,0.026500000000000003,2240.58156564,0.0367,3102.994092792
Upper Nile,SS07,Maiwut,,SS0706,147822.5609392596,0.14,20695.158531496345,0.0981,14501.393228141367,0.1781,26327.198103282135,0.129,19069.110361164487,0.183,27051.528651884506,0.192,28381.931700337842,0.0314,4641.628413492751,0.0484,7154.611949460164
Upper Nile,SS07,Malakal,,SS0707,204041.08946201287,0.0418,8528.917539512136,0.031,6325.2737733223985,0.0918,18730.972012612783,0.0674,13752.369429739667,0.30000000000000004,61212.32683860387,0.255,52030.47781281328,0.162,33054.65649284609,0.051,10406.095562562656
Upper Nile,SS07,Manyo,,SS0708,83853.25992273401,0.103,8636.885772041602,0.0963,8075.068930559285,0.105,8804.592291887071,0.111,9307.711851423475,0.2685,22514.600289254082,0.246,20627.901940992568,0.0354,2968.405401264784,0.0348,2918.0934453111436
Upper Nile,SS07,Melut,,SS0709,134054.23712139038,0.103,13807.58642350321,0.104,13941.640660624598,0.22199999999999998,29760.04064094866,0.1887,25296.034544806367,0.16600000000000004,22253.00336215081,0.175,23459.491496243314,0.011400000000000004,1528.2183031838508,0.0299,4008.221689929572
Upper Nile,SS07,Panyikang,,SS0710,69655.51772290508,0.0333,2319.528740172739,0.0303,2110.5621870040236,0.1073,7474.037051667715,0.0661,4604.2297214840255,0.294,20478.72221053409,0.195,13582.82595596649,0.14700000000000002,10239.361105267048,0.127,8846.250750808944
Upper Nile,SS07,Renk,,SS0711,210350.866797482,0.0961,20214.718299238022,0.0806,16954.27986387705,0.22699999999999998,47749.64676302841,0.18,37863.15602354676,0.1718,36138.27891580741,0.174,36601.05082276187,0.034999999999999996,7362.2803379118695,0.0355,7467.4557713106105
Upper Nile,SS07,Ulang,,SS0712,167264.95388549785,0.0787,13163.751870788681,0.0645,10788.58952561461,0.173,28936.837022191125,0.197,32951.19591544308,0.1939,32432.67455839803,0.208,34791.11040818355,0.033600000000000005,5620.102450552728,0.0513,8580.69213432604
Warrap,SS08,Gogrial East,,SS0801,138792.54091966676,0.0914,12685.638240057542,0.091,12630.121223689675,0.194,26925.752938415353,0.1824,25315.759463747218,0.19099999999999998,26509.375315656347,0.168,23317.14687450402,0.035699999999999996,4954.893710832102,0.0465,6453.853152764505
Warrap,SS08,Gogrial West,,SS0802,347953.04166178964,0.0839,29193.26019542415,0.067,23312.85379133991,0.2181,75888.55838643631,0.189,65763.12487407825,0.193,67154.9370407254,0.184,64023.35966576929,0.022200000000000004,7724.557524891731,0.0428,14892.390183124597
Warrap,SS08,Tonj East,,SS0803,190959.08546222714,0.0812,15505.877739532843,0.0798,15238.535019885725,0.2124,40559.70975217705,0.195,37237.02166513429,0.21,40101.407947067695,0.153,29216.74007572075,0.046099999999999995,8803.21383980867,0.0225,4296.57942290011
Warrap,SS08,Tonj North,,SS0804,271487.43878408574,0.0758,20578.7478598337,0.0839,22777.796113984794,0.181,49139.22641991952,0.173,46967.32690964683,0.184,49953.688736271775,0.184,49953.688736271775,0.0491,13330.03324429861,0.0692,18786.93076385873
Warrap,SS08,Tonj South,,SS0805,126288.73837742697,0.0697,8802.32506490666,0.0825,10418.820916137725,0.185,23363.416599823988,0.1985,25068.314567919253,0.20900000000000002,26394.34632088224,0.185,23363.416599823988,0.0514,6491.241152599747,0.0189,2386.8571553333695
Warrap,SS08,Twic,,SS0806,291674.90537201904,0.084,24500.6920512496,0.0595,17354.65686963513,0.20299999999999999,59210.00579051986,0.219,63876.80427647217,0.173,50459.75862935929,0.1908,55651.57194498123,0.030899999999999997,9012.754575995388,0.0398,11608.661233806359
Western Bahr el Ghazal,SS09,Jur River,,SS0901,293840.4298199531,0.0871,25593.501437317915,0.109,32028.606850374887,0.1977,58092.25297540473,0.197,57886.56467453076,0.16799999999999998,49365.19220975212,0.195,57298.883814890854,0.021599999999999998,6346.953284110987,0.0246,7228.474573570847
Western Bahr el Ghazal,SS09,Raja,Raga,SS0902,76632.79926403004,0.0955,7318.4323297148685,0.0796,6099.970821416791,0.2025,15518.141850966083,0.184,14100.435064581527,0.194,14866.763057221828,0.193,14790.130257957797,0.018300000000000004,1402.38022653175,0.0331,2536.545655639394
Western Bahr el Ghazal,SS09,Wau,,SS0903,345947.90088488575,0.132,45665.12291680492,0.124,42897.53970972583,0.135,46702.96661945958,0.1762,60956.020135916864,0.18799999999999997,65038.20536635851,0.224,77492.32979821441,0.01286,4448.890005379631,0.00794,2746.8263330259924
Western Equatoria,SS10,Ezo,,SS1001,138291.3288999587,0.059,8159.188405097562,0.0858,11865.396019616455,0.173,23924.399899692853,0.1835,25376.45885314242,0.18199999999999997,25169.02185979248,0.229,31668.714318090544,0.0541,7481.5608934877655,0.0336,4646.588651038612
Western Equatoria,SS10,Ibba,,SS1002,68543.86315490845,0.0886,6072.986275524889,0.066,4523.894968223958,0.207,14188.57967306605,0.171,11721.000599489347,0.223,15285.281483544586,0.205,14051.491946756232,0.017599999999999998,1206.3719915263887,0.0218,1494.2562167770043
Western Equatoria,SS10,Maridi,,SS1003,113863.56968791921,0.0993,11306.652470010378,0.0842,9587.312567722798,0.159,18104.307580379154,0.1677,19094.92063666405,0.188,21406.35110132881,0.239,27213.39315541269,0.01859999999999999,2117.8623961952962,0.0442,5032.769780206029
Western Equatoria,SS10,Mundri East,,SS1004,103283.47218917139,0.0988,10204.407052290133,0.0912,9419.452663652432,0.1567,16184.520092043156,0.124,12807.150551457251,0.23500000000000001,24271.615964455275,0.228,23548.631659131075,0.0368,3800.831776561507,0.0295,3046.8624295805557
Western Equatoria,SS10,Mundri West,,SS1005,51413.10167239171,0.0947,4868.8207283754955,0.0908,4668.309631853168,0.2175,11182.349613745197,0.163,8380.33557259985,0.1902,9778.771938088905,0.205,10539.685842840301,0.0154,791.7617657548324,0.0234,1203.0665791339661
Western Equatoria,SS10,Mvolo,,SS1006,77610.56231485785,0.109,8459.551292319506,0.08,6208.844985188628,0.1934,15009.882751693507,0.175,13581.848405100121,0.176,13659.45896741498,0.198,15366.891338341855,0.032999999999999995,2561.1485563903084,0.0356,2762.936018408939
Western Equatoria,SS10,Nagero,,SS1007,61561.0,0.0601,3699.8161,0.0581,3576.6940999999997,0.17600000000000002,10834.736,0.1438,8852.471800000001,0.22000000000000003,13543.420000000002,0.31,19083.91,0.024460000000000003,1505.7820600000002,0.00754,464.16994
Western Equatoria,SS10,Nzara,,SS1008,86369.5797916894,0.0942,8136.014416377141,0.113,9759.762516460902,0.1709,14760.561186399716,0.164,14164.611085837061,0.17900000000000002,15460.154782712403,0.216,18655.82923500491,0.0384,3316.591864000872,0.0245,2116.0547048963904
Western Equatoria,SS10,Tambura,,SS1009,122912.92702374156,0.1166,14331.647290968265,0.105,12905.857337492864,0.138,16961.983929276335,0.163,20034.807104869877,0.203,24951.32418581954,0.236,29007.450777603008,0.017399999999999995,2138.6849302131027,0.021,2581.171467498573
Western Equatoria,SS10,Yambio,,SS1010,173971.84406372416,0.1021,17762.525278906236,0.102,17745.12809449986,0.17,29575.21349083311,0.146,25399.889233303726,0.223,38795.72122621049,0.224,38969.69307027421,0.0132,2296.428341641159,0.0197,3427.245328055366
,,,,,13442554.284632444,0.09640384615384617,1295913.9351704319,0.08834102564102565,1187529.032739594,0.17685641025641027,2377401.8954570214,0.17364743589743584,2334265.083438514,0.19006538461538464,2554964.250321852,0.2017294871794872,2711759.5822213213,0.03404320512820513,457627.63295877504,0.03891320512820513,523092.8723249351
