school_name,name_capital letter,"name_en,C,80",school_type1,school_type2,school_type3,school_type4,school_type5,"building,C,80","operator_t,C,80",operator_type,"capacity_p,C,80","addr_full,C,80","addr_city,C,80","source,C,80","osm_id,N,18,0","osm_type,C,80"
Abeso Primary School,Abeso Primary School,,0,Primary School,0,0,0,,,0,,,,,5674586822,nodes
Aciek Agriculture Training centre,Aciek Agriculture Training Centre,,0,0,0,0,Other or Unknown,,,0,,,,,8997003817,nodes
Adibu Primary,Adibu Primary,,0,Primary School,0,0,0,,,0,,,Aweno Olwi,www.ubos.org,4018757598,nodes
Adotic primary school,Adotic Primary School,,0,Primary School,0,0,0,,,0,,,,,4784254024,nodes
Afonji Primary School,Afonji Primary School,,0,Primary School,0,0,0,,,0,,,,,8625502017,nodes
Agonk bek Secondary School,Agonk Bek Secondary School,,0,0,0,Secondary School,0,,,0,,,Juba,,3713157073,nodes
Agoro Nursery School,Agoro Nursery School,,Nursery School,0,0,0,0,,public,Public,,,Angili,www.ubos.org,3981350261,nodes
Agoro Primary School,Agoro Primary School,,0,Primary School,0,0,0,,private,Private,,,Aludu,www.ubos.org,4009758602,nodes
Aguu Primary School,Aguu Primary School,,0,Primary School,0,0,0,,private,Private,,,Wale,www.ubos.org,4009758601,nodes
Akande Primary School,Akande Primary School,,0,Primary School,0,0,0,,,0,,,,HOT-Uganda,5564478706,nodes
Akka Community Primary School,Akka Community Primary School,,0,Primary School,0,0,0,,,0,,,,HOT-Uganda,5564478708,nodes
Akuem primary school,Akuem Primary School,,0,Primary School,0,0,0,,,0,,,,HOT-Uganda,5564478709,nodes
Akuem primary School,Akuem Primary School,,0,Primary School,0,0,0,,,0,,,,,12101524223,nodes
Alero School,Alero School,,0,0,0,0,Other or Unknown,,,0,,,,,9008744517,nodes
Aligo Primary School,Aligo Primary School,,0,Primary School,0,0,0,,,0,,,,HOT-Uganda,5596056088,nodes
Alimo Primary School,Alimo Primary School,,0,Primary School,0,0,0,,,0,,,,HOT-Uganda,5588234987,nodes
Alipi Primary School,Alipi Primary School,,0,Primary School,0,0,0,,,0,,,,HOT-Uganda,5596056083,nodes
Alliance secondary school,Alliance Secondary School,,0,0,0,Secondary School,0,,,0,,,,,5567194047,nodes
Amadi 2 primary school,Amadi 2 Primary School,,0,Primary School,0,0,0,,,0,,,,,5484142922,nodes
Amadi primary school,Amadi Primary School,,0,Primary School,0,0,0,,,0,,,,,5484112524,nodes
Amalo,Amalo,,0,0,0,0,Other or Unknown,,,0,,,,,5484141521,nodes
Amara(HS-halls),Amara(Hs-Halls),,0,0,0,0,Other or Unknown,,,0,,,,,5484142921,nodes
Amua Primary School,Amua Primary School,,0,Primary School,0,0,0,,,0,,,,,5484133522,nodes
Andiriya Apaya,Andiriya Apaya,,0,Primary School,0,0,0,,,0,,,,,5484125726,nodes
Apwoyo Primary School,Apwoyo Primary School,,0,Primary School,0,0,0,,,0,,,,,5484133523,nodes
Arra Primary School,Arra Primary School,,0,Primary School,0,0,0,,,0,,,,,5484138621,nodes
Athian primary school,Athian Primary School,,0,Primary School,0,0,0,,public,Public,,,Akande,www.ubos.org,3980676942,nodes
Ayaa Primary School,Ayaa Primary School,,0,Primary School,0,0,0,,,0,,,,,5427238121,nodes
Ayipe Cope Primary School,Ayipe Cope Primary School,,0,Primary School,0,0,0,,,0,,,,,5428135922,nodes
Baac primary school,Baac Primary School,,0,Primary School,0,0,0,,,0,,,,,5414591622,nodes
Banika Islamic Primary School,Banika Islamic Primary School,,0,Primary School,0,0,0,,,0,,,,,10214491847,nodes
Bari Displace,Bari Displace,,0,Primary School,0,0,0,,,0,,,,,11805274275,nodes
Bari primary school,Bari Primary School,,0,Primary School,0,0,0,,,0,,,Congo,www.ubos.org,4011863922,nodes
Baya memorial secondary school,Baya Memorial Secondary School,,0,0,0,Secondary School,0,,,0,,,Central II,www.ubos.org,4011863941,nodes
Baya Primary,Baya Primary,,0,Primary School,0,0,0,,,0,,,Moyipi,www.ubos.org,4011863939,nodes
Benagoro Primary School,Benagoro Primary School,,0,Primary School,0,0,0,,,0,,,Tendele,www.ubos.org,3991260463,nodes
Besia Primary School,Besia Primary School,,0,Primary School,0,0,0,,,0,,,,,4135017673,nodes
Bishop Asili Senior Secondary School,Bishop Asili Senior Secondary School,,0,Primary School,0,Secondary School,0,,,0,,,,,11673278670,nodes
Bishop Gwynne School of Theology,Bishop Gwynne School Of Theology,,0,Primary School,0,0,0,,,0,,,,,11673280769,nodes
Bitti primary school,Bitti Primary School,,0,Primary School,0,0,0,,,0,,,,,5237808321,nodes
Bright hope secondary school,Bright Hope Secondary School,,0,Primary School,0,Secondary School,0,,public,Public,,,Yweyope,www.ubos.org,4025358126,nodes
Bright Junior Nursery And Primary School,Bright Junior Nursery And Primary School,,Nursery School,Primary School,0,0,0,,,0,,,,,11648884451,nodes
Bura Primary School,Bura Primary School,,0,Primary School,0,0,0,,,0,,,Ubbi North,www.ubos.org,4011877449,nodes
Chokokbid Nursery School,Chokokbid Nursery School,,Nursery School,0,0,0,0,,public,Public,,,Ogolo South,www.ubos.org,4011877444,nodes
City Academy Secondary school,City Academy Secondary School,,0,0,0,Secondary School,0,,public,Public,,,Obero,www.ubos.org,4011769443,nodes
Crop Training Centre (CTC),Crop Training Centre (Ctc),Kai Gai Primary,0,Primary School,0,0,0,,,0,,,,,4930493021,nodes
CWEP ITC,Cwep Itc,,0,Primary School,0,0,0,,,0,,,Eria South,www.ubos.org,4011863926,nodes
DAR EL SALAAM PRIMARY SCHOOL,Dar El Salaam Primary School,,0,Primary School,0,0,0,,,0,,,,,9879216217,nodes
Disu nursery school,Disu Nursery School,,Nursery School,0,0,0,0,,private,Private,,,Angula Odiciri,www.ubos.org,6082843154,nodes
Dong Abel Primary School,Dong Abel Primary School,,0,Primary School,0,0,0,,private,Private,,,Pobar Central,www.ubos.org,4025358118,nodes
Dongoda,Dongoda,,0,0,0,0,Other or Unknown,,,0,,,,,6494910484,nodes
Dufile Primary School,Dufile Primary School,,0,Primary School,0,0,0,,religious,Religious,,,,,9794666104,nodes
Eden Nursery School,Eden Nursery School,,Nursery School,0,0,0,0,,,0,,,Afoji,www.ubos.org,3961481601,nodes
Elegu Primary School,Elegu Primary School,,0,Primary School,0,0,0,,,0,,,Eria North,www.ubos.org,4011863916,nodes
EMMA memorial academy,Emma Memorial Academy,,0,0,0,0,Other or Unknown,,,0,,,Lama,www.ubos.org,4011863928,nodes
Emma memorial secondary school,Emma Memorial Secondary School,,0,0,0,Secondary School,0,,public,Public,,,Maru,www.ubos.org,3980676944,nodes
Emmanuel and Moni Nursery and primary school,Emmanuel And Moni Nursery And Primary School,,Nursery School,Primary School,0,0,0,,public,Public,,,Lokopio,www.ubos.org,3980676950,nodes
emmanuel kintergarden nursery school,Emmanuel Kintergarden Nursery School,,Nursery School,0,0,0,0,,Public,Public,,,Nandre,www.ubos.org,4009758605,nodes
EPC Nehemiah Primary School,Epc Nehemiah Primary School,,0,Primary School,0,0,0,,Public,Public,,,Gadania,www.ubos.org,4009758598,nodes
Era Primary School,Era Primary School,,0,Primary School,0,0,0,,Public,Public,,,Juba,www.ubos.org,4009758599,nodes
Eremi Primary School,Eremi Primary School,,0,Primary School,0,0,0,,,0,,,Banika,www.ubos.org,4009758589,nodes
Erepi Primary School,Erepi Primary School,,0,Primary School,0,0,0,,public,Public,,,Toligamago,www.ubos.org,3981533360,nodes
Erepi Primary Teachers College,Erepi Primary Teachers College,,0,Primary School,College,0,0,,,0,,,,,5632922721,nodes
Eria Primary School,Eria Primary School,,0,Primary School,0,0,0,,,0,,,,,5567194046,nodes
Etele Primary School,Etele Primary School,,0,Primary School,0,0,0,,,0,,,,,3740216979,nodes
Ezibon Mandiri secondary school,Ezibon Mandiri Secondary School,,0,0,0,Secondary School,0,,,0,,,,,9035500324,nodes
Ezra baya memorials primary school,Ezra Baya Memorials Primary School,,0,Primary School,0,0,0,,religious,Religious,,,,,8971387980,nodes
Faka primary school,Faka Primary School,,0,Primary School,0,0,0,,religious,Religious,,,,,8974883276,nodes
Fataha Primary School,Fataha Primary School,,0,Primary School,0,0,0,,,0,,,,,4563411302,nodes
Father Biribawo Primary School,Father Biribawo Primary School,,0,Primary School,0,0,0,,,0,,,,,4784253924,nodes
Father Biribawo Secondary School,Father Biribawo Secondary School,,0,0,0,Secondary School,0,,Private,Private,,,Gadania,www.ubos.org,4009758606,nodes
Fundraising nursery and primary school,Fundraising Nursery And Primary School,,Nursery School,Primary School,0,0,0,,,0,,,,,4135003338,nodes
Gbari Primary School,Gbari Primary School,,0,Primary School,0,0,0,,,0,,,,,9387578321,nodes
Geria Bush school,Geria Bush School,,0,0,0,0,Other or Unknown,,,0,,,,,10570436118,nodes
Goboro Primary School,Goboro Primary School,,0,Primary School,0,0,0,,,0,,,,,9387601518,nodes
Goboro Primary School,Goboro Primary School,,0,Primary School,0,0,0,,,0,,,,,5484114125,nodes
Goopi Primary School,Goopi Primary School,,0,Primary School,0,0,0,,,0,,,,,5484112523,nodes
GRA,Gra,,0,0,0,0,Other or Unknown,,,0,,,,,5414591822,nodes
Gulu one primary school,Gulu One Primary School,,0,Primary School,0,0,0,,,0,,,Celecelea West,www.ubos.org,4011863911,nodes
Halbul primary school,Halbul Primary School,,0,Primary School,0,0,0,,,0,,,Toloro,www.ubos.org,4011863948,nodes
Hia Baraka nursery and primary school,Hia Baraka Nursery And Primary School,,Nursery School,Primary School,0,0,0,,,0,,,Pakaruhwe,www.ubos.org,4011877435,nodes
Home Dave Primary School,Home Dave Primary School,,0,Primary School,0,0,0,,public,Public,,,Swinga,www.ubos.org,4011769445,nodes
House of Hope,House Of Hope,,0,Primary School,0,0,0,,,0,,,,,5411478921,nodes
Imotong Life Skills Centre,Imotong Life Skills Centre,,0,0,0,0,Other or Unknown,,,0,,,,,9311393017,nodes
Janga primary school,Janga Primary School,,0,Primary School,0,0,0,,private,Private,,,Simba,www.ubos.org,4025358128,nodes
Jebel church,Jebel Church,,0,0,0,0,Other or Unknown,,,0,,,Paanjara,www.ubos.org,4011877445,nodes
Kagoropa Primary School,Kagoropa Primary School,,0,Primary School,0,0,0,,public,Public,,,Lamwoka B,www.ubos.org,4025358123,nodes
Kai Gai Primary,Kai Gai Primary,,0,Primary School,0,0,0,,public,Public,,,Pakinyi,www.ubos.org,4025358120,nodes
Karika One Nursery and Primary School,Karika One Nursery And Primary School,,Nursery School,Primary School,0,0,0,,,0,,,Abeso,www.ubos.org,4011877433,nodes
Karkia ll Primary and Pre school,Karkia Ll Primary And Pre School,,0,Primary School,0,0,0,,,0,,,Pamoyi,www.ubos.org,4011877436,nodes
Kaya Primary School,Kaya Primary School,,0,Primary School,0,0,0,,,0,,,Agugwe,www.ubos.org,4011877443,nodes
Kendra Primary School,Kendra Primary School,,0,Primary School,0,0,0,,,0,,,Pamangara,www.ubos.org,4011877446,nodes
Kerwa Primary School,Kerwa Primary School,,0,Primary School,0,0,0,,,0,,,Cinyi East,www.ubos.org,4011863908,nodes
Kerwa Secondary School,Kerwa Secondary School,,0,0,0,Secondary School,0,,,0,,,Alu,www.ubos.org,4011863907,nodes
Kilaji Primary School,Kilaji Primary School,,0,Primary School,0,0,0,,,0,,,Besia,www.ubos.org,4011863910,nodes
Koloa Primary School,Koloa Primary School,,0,Primary School,0,0,0,,,0,,,Aringa East,www.ubos.org,4011863913,nodes
Kolokolo Primary School,Kolokolo Primary School,,0,Primary School,0,0,0,,,0,,,Erepi South,www.ubos.org,4011863914,nodes
Kololo Community Primary School,Kololo Community Primary School,,0,Primary School,0,0,0,,,0,,,Oyajo,www.ubos.org,4011863912,nodes
Kongolo Primary School,Kongolo Primary School,,0,Primary School,0,0,0,,,0,,,Erepi South,www.ubos.org,4011863915,nodes
Koromula primary school,Koromula Primary School,,0,Primary School,0,0,0,,,0,,,Pamoju East,www.ubos.org,4011863918,nodes
Kotobi secondary school,Kotobi Secondary School,,0,0,0,Secondary School,0,,,0,,,Maduga,www.ubos.org,4011863919,nodes
Kotobi vocational center,Kotobi Vocational Center,,0,0,0,0,Other or Unknown,,,0,,,Pamoju West,www.ubos.org,4011863927,nodes
Kulundu primary School,Kulundu Primary School,,0,Primary School,0,0,0,,,0,,,Lokwa,www.ubos.org,4011863932,nodes
Kyeyo Primary School,Kyeyo Primary School,,0,Primary School,0,0,0,,,0,,,Pamenyua,www.ubos.org,4011863934,nodes
Ladder kindergarten and primary school,Ladder Kindergarten And Primary School,,0,Primary School,0,0,0,,,0,,,Bilinyo,www.ubos.org,4011863935,nodes
Lafon Primary School,Lafon Primary School,,0,Primary School,0,0,0,,,0,,,Minze,www.ubos.org,4011863930,nodes
Lama Primary School,Lama Primary School,,0,Primary School,0,0,0,,,0,,,Parego,www.ubos.org,4011863933,nodes
Lamuribenge Vocational School,Lamuribenge Vocational School,,0,0,0,0,Other or Unknown,,,0,,,Maduga,www.ubos.org,4011863936,nodes
Lamwoka Primary School,Lamwoka Primary School,,0,Primary School,0,0,0,,,0,,,Maduga,www.ubos.org,4011863937,nodes
Lechu Primary School,Lechu Primary School,,0,Primary School,0,0,0,,,0,,,Elenderea,www.ubos.org,4011863940,nodes
Ledingwa primary school,Ledingwa Primary School,,0,Primary School,0,0,0,,,0,,,Metu Tr.centre,www.ubos.org,4011863942,nodes
Lekuangole Primary School,Lekuangole Primary School,,0,Primary School,0,0,0,,,0,,,Ramogi,www.ubos.org,4011863943,nodes
Lendrewa primary school,Lendrewa Primary School,,0,Primary School,0,0,0,,,0,,,Moyipi,www.ubos.org,4011863945,nodes
Lerwa primary school,Lerwa Primary School,,0,Primary School,0,0,0,,,0,,,Juluhwe,www.ubos.org,4011863946,nodes
Light house school,Light House School,,0,0,0,0,Other or Unknown,,,0,,,Adua,www.ubos.org,4011863944,nodes
Limidia High Secondary School,Limidia High Secondary School,,0,0,0,Secondary School,0,,,0,,,,,7256332945,nodes
Limidia Primary School,Limidia Primary School,,0,Primary School,0,0,0,,,0,,,Elegu,www.ubos.org,3961481602,nodes
Liri Primary School,Liri Primary School,,0,Primary School,0,0,0,,,0,,,Kweyo,www.ubos.org,3961481605,nodes
Liwa primary school,Liwa Primary School,,0,Primary School,0,0,0,,,0,,,Minze,www.ubos.org,3961481606,nodes
Logoa Primary School,Logoa Primary School,,0,Primary School,0,0,0,,,0,,,Gbari,www.ubos.org,3961481603,nodes
Logoba Primary School,Logoba Primary School,,0,Primary School,0,0,0,,,0,,,Pamonye,www.ubos.org,3961481604,nodes
Logoba Secondary School,Logoba Secondary School,,0,0,0,Secondary School,0,,,0,,,Masaloa East,www.ubos.org,3978521602,nodes
Lokwa Primary School,Lokwa Primary School,,0,Primary School,0,0,0,,public,Public,,,Kaminga,www.ubos.org,3991260460,nodes
Lokwa Secondary School,Lokwa Secondary School,,0,0,0,Secondary School,0,,public,Public,,,Abachi,www.ubos.org,3981533357,nodes
Lunguma Primary School,Lunguma Primary School,Pibor boys primary school,0,Primary School,0,0,0,,,0,,,,,13351089536,nodes
Lurunya Primary School,Lurunya Primary School,,0,Primary School,0,0,0,,public,Public,,,Logoa,www.ubos.org,3999202747,nodes
lutaya primary school,Lutaya Primary School,,0,Primary School,0,0,0,,public,Public,,,,,7172914211,nodes
Mada Primary School,Mada Primary School,,0,Primary School,0,0,0,,,0,,,,,5414590522,nodes
Magwi Central Primary School,Magwi Central Primary School,,0,Primary School,0,0,0,,,0,,,Lamuribenge A,www.ubos.org,4025358122,nodes
mahat primary school,Mahat Primary School,,0,Primary School,0,0,0,,public,Public,,,Pobar Central,www.ubos.org,4025358119,nodes
Majak primary School,Majak Primary School,,0,Primary School,0,0,0,,,0,,,Ramogi North,www.ubos.org,4011877434,nodes
Majak primary School,Majak Primary School,,0,Primary School,0,0,0,,,0,,,Indridri,www.ubos.org,4011877438,nodes
Majak primary school,Majak Primary School,,0,Primary School,0,0,0,,public,Public,,,Lokujo,www.ubos.org,3991255149,nodes
Makuen Agap p. school,Makuen Agap P. School,,0,Primary School,0,0,0,,,0,,,Lokwa,www.ubos.org,4011863931,nodes
Malualbai p school,Malualbai P School,,0,Primary School,0,0,0,,,0,,,Maduga,www.ubos.org,4011863920,nodes
Mama Alice Nursery school,Mama Alice Nursery School,,Nursery School,0,0,0,0,,,0,,,Liri,www.ubos.org,4011863929,nodes
Mama Kezia primary school,Mama Kezia Primary School,,0,Primary School,0,0,0,,,0,,,Kololo,www.ubos.org,3991255154,nodes
Mandi primary school,Mandi Primary School,,0,Primary School,0,0,0,,public,Public,,,Fataha,www.ubos.org,3999202723,nodes
Masaloa Primary School,Masaloa Primary School,,0,Primary School,0,0,0,,,0,,,Elenderea,www.ubos.org,4011863947,nodes
Matu Primary School,Matu Primary School,,0,Primary School,0,0,0,,,0,,,,,3456334859,nodes
Mbara Primary school,Mbara Primary School,,0,Primary School,0,0,0,,,0,,,,,9035439849,nodes
Medewu primary school,Medewu Primary School,,0,Primary School,0,0,0,,,0,,,,,9079619358,nodes
Mena Primary School,Mena Primary School,,0,Primary School,0,0,0,,,0,,,Wabanga,www.ubos.org,4009758590,nodes
Mentor primary school,Mentor Primary School,,0,Primary School,0,0,0,,ngo,Ngo,,,,survey,2785620009,nodes
Merwa Primary School,Merwa Primary School,,0,Primary School,0,0,0,,,0,,,,,5434811521,nodes
Merwa Progressive College,Merwa Progressive College,,0,Primary School,College,0,0,,,0,,,,,3536767652,nodes
Metu Secondary School,Metu Secondary School,,0,0,0,Secondary School,0,,,0,,,,,6349361479,nodes
Mianga Nursery School,Mianga Nursery School,,Nursery School,0,0,0,0,,,0,,,,,6349361480,nodes
Mijale Amazing Grace Baptist Nursery And Primary School,Mijale Amazing Grace Baptist Nursery And Primary School,,Nursery School,Primary School,0,0,0,,,0,,,,HOT-Uganda,5588234993,nodes
Mijale Primary School,Mijale Primary School,,0,Primary School,0,0,0,,,0,,,,HOT-Uganda,5588234994,nodes
Mijikita Primary School,Mijikita Primary School,,0,Primary School,0,0,0,,,0,,,,HOT-Uganda,5588234992,nodes
Miri mojo primary school,Miri Mojo Primary School,,0,Primary School,0,0,0,,,0,,,,HOT-Uganda,5596056078,nodes
Mitikologa primary school,Mitikologa Primary School,,0,Primary School,0,0,0,,,0,,,,HOT-Uganda,5596056084,nodes
Moyo Army Primary School,Moyo Army Primary School,,0,Primary School,0,0,0,,,0,,,,,6349361481,nodes
Moyo Boys' Primary School,Moyo Boys' Primary School,,0,Primary School,0,0,0,,,0,,,,HOT-Uganda,5596056081,nodes
Moyo Girls' Primary School,Moyo Girls' Primary School,,0,Primary School,0,0,0,,,0,,,Letimekor,HOT-Uganda;UBOS,3961447382,nodes
Moyo Technical Institute,Moyo Technical Institute,,0,0,0,0,Other or Unknown,,,0,,,Giwaya,HOT-Uganda;UBOS,3961447383,nodes
Moyo Town Council Primary School,Moyo Town Council Primary School,,0,Primary School,0,0,0,,,0,,,Baranakuto,HOT-Uganda;UBOS,3980676948,nodes
Mugumbe Primary School,Mugumbe Primary School,,0,Primary School,0,0,0,,public,Public,,,Aligo,HOT-Uganda;www.ubos.org,4009757187,nodes
Mundri 2 primary and Hai Malakal primary school,Mundri 2 Primary And Hai Malakal Primary School,,0,Primary School,0,0,0,,,0,,,Osubira,HOT-Uganda;UBOS,4009758609,nodes
Mundri Adventist primary school,Mundri Adventist Primary School,,0,Primary School,0,0,0,,,0,,,,HOT-Uganda,5564478711,nodes
Mundri advertise secondary school,Mundri Advertise Secondary School,,0,0,0,Secondary School,0,,,0,,,,HOT-Uganda,5588667298,nodes
Mundri one primary school,Mundri One Primary School,,0,Primary School,0,0,0,,,0,,,,HOT-Uganda,5556928505,nodes
Mundri one teachers training center,Mundri One Teachers Training Center,,0,0,0,0,Other or Unknown,,,0,,,Mijale,HOT-Uganda,3980676945,nodes
"Mundri secondary school, Motherland secondary and Kotobi secondary school","Mundri Secondary School, Motherland Secondary And Kotobi Secondary School",,0,0,0,Secondary School,0,,,0,,,,HOT-Uganda,5564478710,nodes
Mundri Teachers Union secondary school,Mundri Teachers Union Secondary School,,0,0,0,Secondary School,0,,public,Public,,,,,12158075311,nodes
Mundri youth center,Mundri Youth Center,,0,0,0,0,Other or Unknown,,public,Public,,,,,12158075312,nodes
Nanga nursery school,Nanga Nursery School,,Nursery School,0,0,0,0,,public,Public,,,,,12158075313,nodes
Nasir Primary and Secondary School,Nasir Primary And Secondary School,,0,Primary School,0,Secondary School,0,,public,Public,,,,,12158075314,nodes
New Generation Academy,New Generation Academy,,0,0,0,0,Other or Unknown,,public,Public,,,,,12158075315,nodes
Noor Primary School,Noor Primary School,,0,Primary School,0,0,0,,public,Public,,,,,12158075316,nodes
Nuru Nursery School,Nuru Nursery School,,Nursery School,0,0,0,0,,community,Community,,,,,12158075317,nodes
Nyambiri Primary School,Nyambiri Primary School,,0,Primary School,0,0,0,,public,Public,,,,,12158075318,nodes
Nyojo Primary School,Nyojo Primary School,,0,Primary School,0,0,0,,public,Public,,,,,12158075319,nodes
Obero Primary School,Obero Primary School,,0,Primary School,0,0,0,,public,Public,,,,,12158075320,nodes
Odokomba Primary School,Odokomba Primary School,,0,Primary School,0,0,0,,religious,Religious,,,,,12158075321,nodes
Ogolo Primary School,Ogolo Primary School,,0,Primary School,0,0,0,,religious,Religious,,,,,12158075322,nodes
Okari primary school,Okari Primary School,,0,Primary School,0,0,0,,public,Public,,,,,12158075323,nodes
Omdurman primary school,Omdurman Primary School,,0,Primary School,0,0,0,,public,Public,,,,,12158075324,nodes
One Way Nursery and primary school,One Way Nursery And Primary School,,Nursery School,Primary School,0,0,0,,public,Public,,,,,12158075325,nodes
Orphanage Primary,Orphanage Primary,,0,Primary School,0,0,0,,community,Community,,,,,12158075326,nodes
Osubira Primary School,Osubira Primary School,,0,Primary School,0,0,0,,public,Public,,,,,12158075327,nodes
Paanjala Nursery School,Paanjala Nursery School,,Nursery School,Primary School,0,0,0,,private,Private,,,,,12158075328,nodes
Palacam Primary School,Palacam Primary School,,0,Primary School,0,0,0,,public,Public,,,,,12158075329,nodes
Palmar primary school,Palmar Primary School,,0,Primary School,0,0,0,,private,Private,,,,,12158075330,nodes
Panjara Primary School,Panjara Primary School,,0,Primary School,0,0,0,,public,Public,,,,,12158075331,nodes
Parish primary school,Parish Primary School,,0,Primary School,0,0,0,,private,Private,,,,,12158075332,nodes
Partial p school,Partial P School,,0,Primary School,0,0,0,,public,Public,,,,,12158075333,nodes
Pentagon College,Pentagon College,,0,Primary School,College,0,0,,private,Private,,,,,12158075334,nodes
Peremasu School,Peremasu School,,0,Primary School,0,0,0,,religious,Religious,,,,,12158075335,nodes
Pibor primary school,Pibor Primary School,,0,Primary School,0,0,0,,public,Public,,,,,12158075336,nodes
Potika Nursery School,Potika Nursery School,,Nursery School,Primary School,0,0,0,,public,Public,,,,,12158075337,nodes
Primary school Leer,Primary School Leer,,0,Primary School,0,0,0,,religious,Religious,,,,,12158075338,nodes
Riangmal primary school,Riangmal Primary School,,0,Primary School,0,0,0,,public,Public,,,,,12158075339,nodes
Riangmal primary school,Riangmal Primary School,,0,Primary School,0,0,0,,public,Public,,,,,12158075340,nodes
ROA Primary School,Roa Primary School,,0,Primary School,0,0,0,,public,Public,,,,,12158075341,nodes
Romogi Seed Secondary School,Romogi Seed Secondary School,,0,0,0,Secondary School,0,,religious,Religious,,,,,12158075342,nodes
Rubeke primary school,Rubeke Primary School,,0,Primary School,0,0,0,,public,Public,,,,,12158075343,nodes
Rubeke Primary school,Rubeke Primary School,,0,Primary School,0,0,0,,public,Public,,,,,12158075344,nodes
Rubeke primary school otogo pam,Rubeke Primary School Otogo Pam,,0,Primary School,0,0,0,,religious,Religious,,,,,12158075345,nodes
Rubeke secondary school,Rubeke Secondary School,,0,0,0,Secondary School,0,,private,Private,,,,,12158075346,nodes
Rumaker primary school,Rumaker Primary School,,0,Primary School,0,0,0,,private,Private,,,,,12158075347,nodes
Saint Andrew College,Saint Andrew College,,0,0,College,0,0,,public,Public,,,,,12158075348,nodes
Saint Kizito Primary School,Saint Kizito Primary School,,0,Primary School,0,0,0,,public,Public,,,,,12158075349,nodes
Sasanya Nursery School,Sasanya Nursery School,,Nursery School,0,0,0,0,,community,Community,,,,,12158075350,nodes
Seventh advertise nursery school,Seventh Advertise Nursery School,,Nursery School,0,0,0,0,,private,Private,,,,,12158075351,nodes
Seventh days advertise primary school,Seventh Days Advertise Primary School,,0,Primary School,0,0,0,,public,Public,,,,,12158075352,nodes
St Augustine Nursery School Mijale,St Augustine Nursery School Mijale,,Nursery School,0,0,0,0,,private,Private,,,,,12158075353,nodes
st joseph lutaya secondary school,St Joseph Lutaya Secondary School,,0,Primary School,0,Secondary School,0,,private,Private,,,,,12158075354,nodes
St Kizito Primary School,St Kizito Primary School,,0,Primary School,0,0,0,,public,Public,,,,,12158075355,nodes
St Mary's College,St Mary'S College,,0,0,College,0,0,,private,Private,,,,,12158075356,nodes
st paul secondary school,St Paul Secondary School,,0,Primary School,0,Secondary School,0,,private,Private,,,,,12158075357,nodes
St. John Bugo Nursery And Primary School,St. John Bugo Nursery And Primary School,,Nursery School,Primary School,0,0,0,,community,Community,,,,,12158075358,nodes
St. Joseph Basic School,St. Joseph Basic School,,0,Primary School,0,0,0,,public,Public,,,,,12158075359,nodes
St.Mark Nursery School Kololo,St.Mark Nursery School Kololo,,Nursery School,0,0,0,0,,public,Public,,,,,12158075360,nodes
Stordy Nursery & primary School,Stordy Nursery & Primary School,,Nursery School,Primary School,0,0,0,,public,Public,,,,,12158075361,nodes
Swinga Primary School,Swinga Primary School,,0,Primary School,0,0,0,,public,Public,,,,,12158075362,nodes
Take Care Nursery School,Take Care Nursery School,,Nursery School,0,0,0,0,,public,Public,,,,,12158075363,nodes
Tendele Community School,Tendele Community School,,0,0,0,0,Other or Unknown,,private,Private,,,,,12158075364,nodes
Tororo Primary School,Tororo Primary School,,0,Primary School,0,0,0,,public,Public,,,,,12158075365,nodes
True Light nursery and primary school,True Light Nursery And Primary School,,Nursery School,Primary School,0,0,0,,public,Public,,,,,12158075366,nodes
Ubbi Primary School,Ubbi Primary School,,0,Primary School,0,0,0,,religious,Religious,,,,,12158075367,nodes
University of Juba.College of comunity Studies and rural development,University Of Juba.College Of Comunity Studies And Rural Development,,0,Primary School,College,0,0,,,0,,,,,8974878509,nodes
Upper primary school,Upper Primary School,,0,Primary School,0,0,0,,religious,Religious,,,,,8963517703,nodes
Uyon primary sch,Uyon Primary Sch,,0,Primary School,0,0,0,,,0,,,,,12161426940,nodes
Wardoper Family Care Nursery School,Wardoper Family Care Nursery School,,Nursery School,Primary School,0,0,0,,,0,,,,,12161426942,nodes
Yei Day Secondary School,Yei Day Secondary School,,0,0,0,Secondary School,0,,,0,,,,,9126530417,nodes
Yei Teacher Training Collage,Yei Teacher Training Collage,,0,0,0,0,Other or Unknown,,public,Public,,,Kakanya,www.ubos.org,3981350259,nodes
,,,0,0,0,0,Other or Unknown,,public,Public,,,Kagoropa,www.ubos.org,3981350258,nodes
,,,0,0,0,0,Other or Unknown,,,0,,,,,11812286831,nodes
,,,0,0,0,0,Other or Unknown,,,0,,,,,10570410597,nodes
,,,0,0,0,0,Other or Unknown,,religious,Religious,,,,,10135377796,nodes
,,,0,0,0,0,Other or Unknown,,,0,,,,,7018726687,nodes
,,,0,0,0,0,Other or Unknown,,,0,,,,,1390944591,nodes