"name,C,80","name_en,C,80","amenity,C,80","building,C,80","operator_t,C,80","capacity_p,C,80","addr_full,C,80","addr_city,C,80","source,C,80","osm_id,N,18,0","osm_type,C,80"
Rubeke p school,,school,,,,,,,5674586822,nodes
Bura Primary School,,school,,,,,,,8997003817,nodes
Aguu Primary School,,school,,,,,Aweno Olwi,www.ubos.org,4018757598,nodes
Light house school,,school,,,,,,,4784254024,nodes
Orphanage Primary,,school,,,,,,,8625502017,nodes
St Mary's College,,university,,,,,Juba,,3713157073,nodes
Lunguma Primary School,,school,,public,,,Angili,www.ubos.org,3981350261,nodes
Merwa Progressive College,,school,,private,,,Aludu,www.ubos.org,4009758602,nodes
Merwa Primary School,,school,,private,,,Wale,www.ubos.org,4009758601,nodes
St. John Bugo Nursery And Primary School,,kindergarten,,,,,,HOT-Uganda,5564478706,nodes
Chokokbid Nursery School,,kindergarten,,,,,,HOT-Uganda,5564478708,nodes
St Augustine Nursery School Mijale,,kindergarten,,,,,,HOT-Uganda,5564478709,nodes
Nasir Primary and Secondary School,,school,,,,,,,12101524223,nodes
Lafon Primary School,,school,,,,,,,9008744517,nodes
St Kizito Primary School,,school,,,,,,HOT-Uganda,5596056088,nodes
Kendra Primary School,,school,,,,,,HOT-Uganda,5588234987,nodes
Kilaji Primary School,,school,,,,,,HOT-Uganda,5596056083,nodes
Rubeke s s,,school,,,,,,,5567194047,nodes
Riangmal primary school,,school,,,,,,,5484142922,nodes
Halbul primary school,,school,,,,,,,5484112524,nodes
Adotic primary school,,school,,,,,,,5484141521,nodes
Athian p school,,school,,,,,,,5484142921,nodes
Malualbai p school,,school,,,,,,,5484133522,nodes
Rumaker p school,,school,,,,,,,5484125726,nodes
Baac p school,,school,,,,,,,5484133523,nodes
Omdurman p school,,school,,,,,,,5484138621,nodes
Akande Primary School,,school,,public,,,Akande,www.ubos.org,3980676942,nodes
Majak p. School,,school,,,,,,,5427238121,nodes
Majak primary school,,school,,,,,,,5428135922,nodes
Makuen Agap p. school,,school,,,,,,,5414591622,nodes
Magwi Central Primary School,,school,,,,,,,10214491847,nodes
,,school,,,,,,,11805274275,nodes
Home Dave Primary School,,school,,,,,Congo,www.ubos.org,4011863922,nodes
Noor Primary School,,school,,,,,Central II,www.ubos.org,4011863941,nodes
Moyo Technical Institute,,school,,,,,Moyipi,www.ubos.org,4011863939,nodes
Tendele Community School,,school,,,,,Tendele,www.ubos.org,3991260463,nodes
Crop Training Centre (CTC),,college,,,,,,,4135017673,nodes
Lerwa primary school,,school,,,,,,,11673278670,nodes
Palmar primary school,,school,,,,,,,11673280769,nodes
Jebel church,,school,,,,,,,5237808321,nodes
Palacam Primary School,,school,,public,,,Yweyope,www.ubos.org,4025358126,nodes
,,school,,,,,,,11648884451,nodes
Ubbi Primary School,,school,,,,,Ubbi North,www.ubos.org,4011877449,nodes
Ogolo Primary School,,school,,public,,,Ogolo South,www.ubos.org,4011877444,nodes
Obero Primary School,,school,,public,,,Obero,www.ubos.org,4011769443,nodes
Kai Gai Primary,Kai Gai Primary,school,,,,,,,4930493021,nodes
Kolokolo Primary School,,school,,,,,Eria South,www.ubos.org,4011863926,nodes
Dong Abel Primary School,,school,,,,,,,9879216217,nodes
Lurunya Primary School,,school,,private,,,Angula Odiciri,www.ubos.org,6082843154,nodes
Agoro Nursery School,,school,,private,,,Pobar Central,www.ubos.org,4025358118,nodes
Lekuangole Primary School,,school,,,,,,,6494910484,nodes
Bishop Gwynne School of Theology,,college,,religious,,,,,9794666104,nodes
Afonji Primary School,,school,,,,,Afoji,www.ubos.org,3961481601,nodes
Eria Primary School,,school,,,,,Eria North,www.ubos.org,4011863916,nodes
Lama Primary School,,school,,,,,Lama,www.ubos.org,4011863928,nodes
Goboro Primary School,,school,,public,,,Maru,www.ubos.org,3980676944,nodes
Romogi Seed Secondary School,,school,,public,,,Lokopio,www.ubos.org,3980676950,nodes
Mugumbe Primary School,,school,,Public,,,Nandre,www.ubos.org,4009758605,nodes
Limidia High Secondary School,,school,,Public,,,Gadania,www.ubos.org,4009758598,nodes
Limidia Primary School,,school,,Public,,,Juba,www.ubos.org,4009758599,nodes
Banika Islamic Primary School,,school,,,,,Banika,www.ubos.org,4009758589,nodes
Mena Primary School,,school,,public,,,Toligamago,www.ubos.org,3981533360,nodes
Rubeke P school,,school,,,,,,,5632922721,nodes
Rubeke primary school otogo pam,,school,,,,,,,5567194046,nodes
Alero School,,school,,,,,,,3740216979,nodes
DAR EL SALAAM PRIMARY SCHOOL,,school,,,,,,,9035500324,nodes
emmanuel kintergarden nursery school,,school,,religious,,,,,8971387980,nodes
st joseph lutaya secondary school,,school,,religious,,,,,8974883276,nodes
Peremasu School,,school,,,,,,,4563411302,nodes
Mentor primary school,,school,,,,,,,4784253924,nodes
Nuru Nursery School,,kindergarten,,Private,,,Gadania,www.ubos.org,4009758606,nodes
Yei Teacher Training Collage,,college,,,,,,,4135003338,nodes
Amara(HS-halls),,school,,,,,,,9387578321,nodes
House of Hope,,school,,,,,,,10570436118,nodes
City Academy Secondary school,,school,,,,,,,9387601518,nodes
Partial p school,,school,,,,,,,5484114125,nodes
Riangmal primary school,,school,,,,,,,5484112523,nodes
Uyon primary sch,,school,,,,,,,5414591822,nodes
Bishop Asili Senior Secondary School,,school,,,,,Celecelea West,www.ubos.org,4011863911,nodes
Tororo Primary School,,school,,,,,Toloro,www.ubos.org,4011863948,nodes
Arra Primary School,,school,,,,,Pakaruhwe,www.ubos.org,4011877435,nodes
Swinga Primary School,,school,,public,,,Swinga,www.ubos.org,4011769445,nodes
Aciek Agriculture Training centre,,college,,,,,,,5411478921,nodes
Agonk bek Secondary School,,school,,,,,,,9311393017,nodes
Potika Nursery School,,kindergarten,,private,,,Simba,www.ubos.org,4025358128,nodes
Paanjala Nursery School,,kindergarten,,,,,Paanjara,www.ubos.org,4011877445,nodes
Lamwoka Primary School,,school,,public,,,Lamwoka B,www.ubos.org,4025358123,nodes
Apwoyo Primary School,,school,,public,,,Pakinyi,www.ubos.org,4025358120,nodes
Abeso Primary School,,school,,,,,Abeso,www.ubos.org,4011877433,nodes
Ayaa Primary School,,school,,,,,Pamoyi,www.ubos.org,4011877436,nodes
Lechu Primary School,,school,,,,,Agugwe,www.ubos.org,4011877443,nodes
Panjara Primary School,,school,,,,,Pamangara,www.ubos.org,4011877446,nodes
Amua Primary School,,school,,,,,Cinyi East,www.ubos.org,4011863908,nodes
Alimo Primary School,,school,,,,,Alu,www.ubos.org,4011863907,nodes
Besia Primary School,,school,,,,,Besia,www.ubos.org,4011863910,nodes
Eremi Primary School,,school,,,,,Aringa East,www.ubos.org,4011863913,nodes
Erepi Primary School,,school,,,,,Erepi South,www.ubos.org,4011863914,nodes
Era Primary School,,school,,,,,Oyajo,www.ubos.org,4011863912,nodes
Erepi Primary Teachers College,,school,,,,,Erepi South,www.ubos.org,4011863915,nodes
Etele Primary School,,school,,,,,Pamoju East,www.ubos.org,4011863918,nodes
Father Biribawo Primary School,,school,,,,,Maduga,www.ubos.org,4011863919,nodes
Kongolo Primary School,,school,,,,,Pamoju West,www.ubos.org,4011863927,nodes
Lokwa Secondary School,,school,,,,,Lokwa,www.ubos.org,4011863932,nodes
Metu Secondary School,,school,,,,,Pamenyua,www.ubos.org,4011863934,nodes
Moyo Army Primary School,,school,,,,,Bilinyo,www.ubos.org,4011863935,nodes
Logoba Primary School,,school,,,,,Minze,www.ubos.org,4011863930,nodes
Mada Primary School,,school,,,,,Parego,www.ubos.org,4011863933,nodes
Moyo Boys' Primary School,,school,,,,,Maduga,www.ubos.org,4011863936,nodes
Moyo Girls' Primary School,,school,,,,,Maduga,www.ubos.org,4011863937,nodes
Moyo Town Council Primary School,,school,,,,,Elenderea,www.ubos.org,4011863940,nodes
Nyojo Primary School,,school,,,,,Metu Tr.centre,www.ubos.org,4011863942,nodes
Odokomba Primary School,,school,,,,,Ramogi,www.ubos.org,4011863943,nodes
Saint Andrew College,,school,,,,,Moyipi,www.ubos.org,4011863945,nodes
Saint Kizito Primary School,,school,,,,,Juluhwe,www.ubos.org,4011863946,nodes
Pentagon College,,school,,,,,Adua,www.ubos.org,4011863944,nodes
,,school,,,,,,,7256332945,nodes
Elegu Primary School,,school,,,,,Elegu,www.ubos.org,3961481602,nodes
Kyeyo Primary School,,school,,,,,Kweyo,www.ubos.org,3961481605,nodes
Logoba Secondary School,,school,,,,,Minze,www.ubos.org,3961481606,nodes
Gbari Primary School,,school,,,,,Gbari,www.ubos.org,3961481603,nodes
Goopi Primary School,,school,,,,,Pamonye,www.ubos.org,3961481604,nodes
Masaloa Primary School,,school,,,,,Masaloa East,www.ubos.org,3978521602,nodes
Nyambiri Primary School,,school,,public,,,Kaminga,www.ubos.org,3991260460,nodes
Alipi Primary School,,school,,public,,,Abachi,www.ubos.org,3981533357,nodes
Pibor primary school,Pibor boys primary school,school,,,,,,,13351089536,nodes
Logoa Primary School,,school,,public,,,Logoa,www.ubos.org,3999202747,nodes
Akuem primary school,,school,,public,,,,,7172914211,nodes
Akuem primary School,,school,,,,,,,5414590522,nodes
Lamuribenge Vocational School,,school,,,,,Lamuribenge A,www.ubos.org,4025358122,nodes
Agoro Primary School,,school,,public,,,Pobar Central,www.ubos.org,4025358119,nodes
Akka Community Primary School,,school,,,,,Ramogi North,www.ubos.org,4011877434,nodes
Dufile Primary School,,school,,,,,Indridri,www.ubos.org,4011877438,nodes
Ayipe Cope Primary School,,school,,public,,,Lokujo,www.ubos.org,3991255149,nodes
Lokwa Primary School,,school,,,,,Lokwa,www.ubos.org,4011863931,nodes
Father Biribawo Secondary School,,school,,,,,Maduga,www.ubos.org,4011863920,nodes
Liri Primary School,,school,,,,,Liri,www.ubos.org,4011863929,nodes
Kololo Community Primary School,,school,,,,,Kololo,www.ubos.org,3991255154,nodes
Fataha Primary School,,school,,public,,,Fataha,www.ubos.org,3999202723,nodes
Stordy Nursery & primary School,,kindergarten,,,,,Elenderea,www.ubos.org,4011863947,nodes
Yei Day Secondary School,,school,,,,,,,3456334859,nodes
mahat primary school,,school,,,,,,,9035439849,nodes
EPC Nehemiah Primary School,,school,,,,,,,9079619358,nodes
Benagoro Primary School,,school,,,,,Wabanga,www.ubos.org,4009758590,nodes
,,school,,ngo,,,,survey,2785620009,nodes
Majak p. Sch,,school,,,,,,,5434811521,nodes
CWEP ITC,,college,,,,,,,3536767652,nodes
Take Care Nursery School,,kindergarten,,,,,,,6349361479,nodes
Wardoper Family Care Nursery School,,kindergarten,,,,,,,6349361480,nodes
Mianga Nursery School,,kindergarten,,,,,,HOT-Uganda,5588234993,nodes
Eden Nursery School,,kindergarten,,,,,,HOT-Uganda,5588234994,nodes
St.Mark Nursery School Kololo,,kindergarten,,,,,,HOT-Uganda,5588234992,nodes
Sasanya Nursery School,,kindergarten,,,,,,HOT-Uganda,5596056078,nodes
Dongoda,,kindergarten,,,,,,HOT-Uganda,5596056084,nodes
Goboro Primary School,,school,,,,,,,6349361481,nodes
Bright Junior Nursery And Primary School,,school,,,,,,HOT-Uganda,5596056081,nodes
Kerwa Primary School,,school,,,,,Letimekor,HOT-Uganda;UBOS,3961447382,nodes
Mijikita Primary School,,school,,,,,Giwaya,HOT-Uganda;UBOS,3961447383,nodes
Matu Primary School,,school,,,,,Baranakuto,HOT-Uganda;UBOS,3980676948,nodes
Aligo Primary School,,school,,public,,,Aligo,HOT-Uganda;www.ubos.org,4009757187,nodes
Osubira Primary School,,school,,,,,Osubira,HOT-Uganda;UBOS,4009758609,nodes
Mijale Primary School,,school,,,,,,HOT-Uganda,5564478711,nodes
Adibu Primary,,school,,,,,,HOT-Uganda,5588667298,nodes
Koloa Primary School,,school,,,,,,HOT-Uganda,5556928505,nodes
Kerwa Secondary School,,school,,,,,Mijale,HOT-Uganda,3980676945,nodes
Mijale Amazing Grace Baptist Nursery And Primary School,,school,,,,,,HOT-Uganda,5564478710,nodes
Mundri one primary school,,school,,public,,,,,12158075311,nodes
Faka primary school,,school,,public,,,,,12158075312,nodes
Liwa primary school,,school,,public,,,,,12158075313,nodes
Bitti primary school,,school,,public,,,,,12158075314,nodes
Miri mojo primary school,,school,,public,,,,,12158075315,nodes
Baya Primary,,school,,public,,,,,12158075316,nodes
Mundri youth center,,school,,community,,,,,12158075317,nodes
Koromula primary school,,school,,public,,,,,12158075318,nodes
Gulu one primary school,,school,,public,,,,,12158075319,nodes
Medewu primary school,,school,,public,,,,,12158075320,nodes
Mundri advertise secondary school,,school,,religious,,,,,12158075321,nodes
True Light nursery and primary school,,school,,religious,,,,,12158075322,nodes
Kotobi vocational center,,school,,public,,,,,12158075323,nodes
Mandi primary school,,school,,public,,,,,12158075324,nodes
Mundri 2 primary and Hai Malakal primary school,,school,,public,,,,,12158075325,nodes
Emmanuel and Moni Nursery and primary school,,school,,community,,,,,12158075326,nodes
Parish primary school,,school,,public,,,,,12158075327,nodes
Alliance secondary school,,school,,private,,,,,12158075328,nodes
Bari primary school,,school,,public,,,,,12158075329,nodes
Mama Kezia primary school,,school,,private,,,,,12158075330,nodes
Okari primary school,,school,,public,,,,,12158075331,nodes
Ladder kindergarten and primary school,,school,,private,,,,,12158075332,nodes
Bari Displace,,school,,public,,,,,12158075333,nodes
Mama Alice Nursery school,,school,,private,,,,,12158075334,nodes
Disu nursery school,,school,,religious,,,,,12158075335,nodes
Upper primary school,,school,,public,,,,,12158075336,nodes
Mitikologa primary school,,school,,public,,,,,12158075337,nodes
Mundri Adventist primary school,,school,,religious,,,,,12158075338,nodes
Janga primary school,,school,,public,,,,,12158075339,nodes
Mbara Primary school,,school,,public,,,,,12158075340,nodes
Lendrewa primary school,,school,,public,,,,,12158075341,nodes
Seventh advertise nursery school,,school,,religious,,,,,12158075342,nodes
Ledingwa primary school,,school,,public,,,,,12158075343,nodes
Geria Bush school,,school,,public,,,,,12158075344,nodes
Baya memorial secondary school,,school,,religious,,,,,12158075345,nodes
Seventh days advertise primary school,,school,,private,,,,,12158075346,nodes
Ezibon Mandiri secondary school,,school,,private,,,,,12158075347,nodes
Karika One Nursery and Primary School,,school,,public,,,,,12158075348,nodes
Kotobi secondary school,,school,,public,,,,,12158075349,nodes
Mundri Teachers Union secondary school,,school,,community,,,,,12158075350,nodes
Amalo,,school,,private,,,,,12158075351,nodes
Amadi 2 primary school,,school,,public,,,,,12158075352,nodes
Emma memorial secondary school,,school,,private,,,,,12158075353,nodes
EMMA memorial academy,,school,,private,,,,,12158075354,nodes
Mundri one teachers training center,,school,,public,,,,,12158075355,nodes
Fundraising nursery and primary school,,school,,private,,,,,12158075356,nodes
Andiriya Apaya,,school,,private,,,,,12158075357,nodes
New Generation Academy,,school,,community,,,,,12158075358,nodes
Hia Baraka nursery and primary school,,school,,public,,,,,12158075359,nodes
One Way Nursery and primary school,,school,,public,,,,,12158075360,nodes
Karkia ll Primary and Pre school,,school,,public,,,,,12158075361,nodes
Nanga nursery school,,school,,public,,,,,12158075362,nodes
"Mundri secondary school, Motherland secondary and Kotobi secondary school",,school,,public,,,,,12158075363,nodes
Bright hope secondary school,,school,,private,,,,,12158075364,nodes
Amadi primary school,,school,,public,,,,,12158075365,nodes
Kulundu primary School,,school,,public,,,,,12158075366,nodes
Ezra baya memorials primary school,,school,,religious,,,,,12158075367,nodes
lutaya primary school,,school,,,,,,,8974878509,nodes
st paul secondary school,,school,,religious,,,,,8963517703,nodes
,,school,,,,,,,12161426940,nodes
Primary school Leer,,school,,,,,,,12161426942,nodes
Imotong Life Skills Centre,,school,,,,,,,9126530417,nodes
Kaya Primary School,,school,,public,,,Kakanya,www.ubos.org,3981350259,nodes
Kagoropa Primary School,,school,,public,,,Kagoropa,www.ubos.org,3981350258,nodes
,,school,,,,,,,11812286831,nodes
GRA,,college,,,,,,,10570410597,nodes
ROA Primary School,,school,,religious,,,,,10135377796,nodes
University of Juba.College of comunity Studies and rural development,,school,,,,,,,7018726687,nodes
St. Joseph Basic School,,school,,,,,,,1390944591,nodes
