Admin1,Admin1_Pcode,Admin2,Admin2_Alternate_Name,Admin2_Pcode,Population - 2025," % Male children
 under 5 "," No. of Male
children under 5 "," % Female
children under 5 "," No. of Female
children under 5 "," % Male children 
aged 5 - 17 years "," No. of Male children 
aged 5 - 17 years "," % Female children 
aged 5 - 17 years "," No. of Female 
children aged 5 - 17 years "," % Male adults 
aged 18 - 60 "," No. of  Male 
adults aged 18 - 60 "," % Female adults 
aged 18 - 60 "," No. of Female 
adults aged 18 - 60 "," % Male adults 
aged over 60 "," No. of Male adults 
aged over 60 "," % Female adults 
aged over 60 "," No. Female adults 
aged over 60 "
Abyei Administrative Area,SS00,Abyei Administrative Area,Abyei Administrative Area,SS0001," 145,358 ",10%," 13,954 ",9%," 12,937 ",18%," 25,728 ",17%," 25,147 ",19%," 27,618 ",20%," 29,362 ",3%," 4,942 ",4%," 5,669 "
Central Equatoria,SS01,Juba,,SS0101," 570,834 ",7%," 42,242 ",10%," 55,599 ",15%," 87,908 ",16%," 90,763 ",23%," 132,434 ",24%," 137,571 ",2%," 13,415 ",2%," 10,903 "
Central Equatoria,SS01,Kajo-keji,,SS0102," 257,989 ",2%," 4,205 ",3%," 7,765 ",6%," 14,834 ",6%," 14,989 ",33%," 84,620 ",32%," 82,557 ",13%," 32,765 ",6%," 16,253 "
Central Equatoria,SS01,Lainya,,SS0103," 119,155 ",11%," 12,511 ",10%," 12,035 ",11%," 13,107 ",10%," 12,392 ",29%," 34,078 ",23%," 27,882 ",3%," 3,217 ",3%," 3,932 "
Central Equatoria,SS01,Morobo,,SS0104," 136,697 ",8%," 11,141 ",11%," 14,353 ",18%," 24,332 ",16%," 22,282 ",22%," 29,800 ",20%," 27,749 ",3%," 4,456 ",2%," 2,584 "
Central Equatoria,SS01,Terekeka,,SS0105," 266,693 ",9%," 23,602 ",8%," 22,162 ",18%," 48,271 ",16%," 43,738 ",19%," 51,578 ",23%," 61,606 ",2%," 4,960 ",4%," 10,774 "
Central Equatoria,SS01,Yei,,SS0106," 327,602 ",9%," 30,729 ",12%," 39,967 ",15%," 47,830 ",19%," 61,917 ",17%," 57,003 ",19%," 63,227 ",5%," 17,428 ",3%," 9,500 "
Eastern Equatoria,SS02,Budi,,SS0201," 108,474 ",10%," 11,238 ",10%," 10,609 ",19%," 20,502 ",17%," 18,766 ",16%," 17,356 ",22%," 23,864 ",2%," 1,963 ",4%," 4,176 "
Eastern Equatoria,SS02,Ikotos,,SS0202," 111,148 ",12%," 12,904 ",11%," 11,671 ",16%," 17,561 ",16%," 17,339 ",17%," 19,006 ",22%," 24,230 ",3%," 3,090 ",5%," 5,346 "
Eastern Equatoria,SS02,Kapoeta East,,SS0203," 175,078 ",13%," 23,110 ",9%," 15,249 ",17%," 30,043 ",17%," 29,763 ",19%," 33,790 ",21%," 36,941 ",2%," 3,361 ",2%," 2,819 "
Eastern Equatoria,SS02,Kapoeta North,,SS0204," 162,158 ",11%," 17,675 ",11%," 17,351 ",21%," 34,378 ",17%," 27,080 ",16%," 26,270 ",17%," 27,729 ",3%," 5,562 ",4%," 6,113 "
Eastern Equatoria,SS02,Kapoeta South,,SS0205," 105,511 ",9%," 9,813 ",10%," 10,762 ",22%," 23,086 ",21%," 21,630 ",18%," 19,309 ",19%," 19,836 ",1%, 661 ,0%, 416 
Eastern Equatoria,SS02,Lafon,Lafon/Lopa,SS0206," 163,767 ",12%," 19,816 ",14%," 22,109 ",15%," 23,910 ",18%," 30,133 ",19%," 30,788 ",19%," 31,607 ",1%," 1,474 ",2%," 3,930 "
Eastern Equatoria,SS02,Magwi,,SS0207," 314,109 ",13%," 40,834 ",9%," 28,835 ",16%," 51,420 ",15%," 46,488 ",19%," 58,110 ",20%," 63,764 ",3%," 10,774 ",4%," 13,884 "
Eastern Equatoria,SS02,Torit,,SS0208," 65,844 ",11%," 7,045 ",12%," 7,704 ",15%," 9,679 ",18%," 12,115 ",20%," 13,103 ",21%," 13,630 ",1%, 724 ,3%," 1,844 "
Jonglei,SS03,Akobo,,SS0301," 238,042 ",9%," 22,305 ",8%," 18,234 ",18%," 42,133 ",16%," 37,849 ",18%," 42,062 ",21%," 49,989 ",4%," 9,807 ",7%," 15,663 "
Jonglei,SS03,Ayod,,SS0302," 205,709 ",9%," 18,205 ",10%," 19,789 ",17%," 34,559 ",15%," 31,062 ",21%," 43,199 ",21%," 42,582 ",3%," 6,233 ",5%," 10,080 "
Jonglei,SS03,Bor South,,SS0303," 354,711 ",13%," 47,283 ",9%," 32,066 ",17%," 58,882 ",16%," 54,980 ",17%," 60,656 ",22%," 79,455 ",4%," 13,231 ",2%," 8,158 "
Jonglei,SS03,Canal/Pigi,Pigi,SS0304," 111,613 ",9%," 10,134 ",6%," 7,154 ",14%," 15,737 ",15%," 17,188 ",21%," 23,774 ",24%," 26,899 ",5%," 5,201 ",5%," 5,525 "
Jonglei,SS03,Duk,,SS0305," 206,545 ",11%," 23,133 ",10%," 19,787 ",18%," 36,352 ",16%," 32,841 ",19%," 38,686 ",21%," 43,168 ",2%," 5,060 ",4%," 7,518 "
Jonglei,SS03,Fangak,Old Fangak,SS0306," 213,029 ",10%," 21,069 ",11%," 23,646 ",21%," 44,949 ",16%," 34,724 ",19%," 40,092 ",15%," 31,528 ",3%," 6,838 ",5%," 10,183 "
Jonglei,SS03,Nyirol,,SS0307," 153,295 ",9%," 13,797 ",8%," 11,727 ",22%," 33,418 ",19%," 29,341 ",16%," 24,527 ",19%," 28,513 ",3%," 4,292 ",5%," 7,680 "
Jonglei,SS03,Pibor,,SS0308," 237,649 ",14%," 32,558 ",12%," 27,805 ",14%," 32,796 ",16%," 36,836 ",17%," 40,804 ",20%," 46,579 ",3%," 7,391 ",5%," 12,881 "
Jonglei,SS03,Pochalla,,SS0309," 82,568 ",14%," 11,229 ",10%," 8,521 ",20%," 16,101 ",17%," 14,367 ",11%," 8,670 ",27%," 22,458 ",1%, 532 ,1%, 690 
Jonglei,SS03,Twic East,,SS0310," 129,822 ",7%," 9,568 ",8%," 10,827 ",15%," 19,733 ",17%," 22,459 ",18%," 23,368 ",26%," 33,234 ",4%," 5,349 ",4%," 5,284 "
Jonglei,SS04,Uror,,SS0311," 205,594 ",14%," 29,523 ",13%," 26,522 ",14%," 29,606 ",18%," 36,596 ",18%," 37,624 ",19%," 39,680 ",1%," 2,590 ",2%," 3,454 "
Lakes,SS04,Awerial,,SS0401," 144,223 ",6%," 9,144 ",6%," 8,798 ",23%," 32,739 ",23%," 33,748 ",18%," 25,585 ",19%," 27,979 ",2%," 2,769 ",2%," 3,461 "
Lakes,SS04,Cueibet,,SS0402," 189,199 ",8%," 14,266 ",4%," 8,060 ",23%," 42,570 ",20%," 38,597 ",18%," 33,488 ",17%," 31,407 ",5%," 9,422 ",6%," 11,390 "
Lakes,SS04,Rumbek Centre,,SS0403," 222,497 ",8%," 18,045 ",6%," 12,393 ",22%," 49,172 ",23%," 50,284 ",20%," 43,609 ",19%," 42,942 ",1%," 2,292 ",2%," 3,760 "
Lakes,SS04,Rumbek East,,SS0404," 180,970 ",9%," 16,794 ",8%," 14,152 ",18%," 33,099 ",20%," 36,918 ",20%," 36,013 ",20%," 36,194 ",2%," 2,859 ",3%," 4,940 "
Lakes,SS04,Rumbek North,,SS0405," 75,047 ",10%," 7,167 ",10%," 7,325 ",20%," 15,234 ",22%," 16,210 ",15%," 11,332 ",17%," 12,758 ",3%," 2,379 ",4%," 2,642 "
Lakes,SS04,Wulu,,SS0406," 92,247 ",8%," 7,426 ",7%," 6,513 ",22%," 20,018 ",18%," 16,973 ",20%," 18,265 ",19%," 17,342 ",3%," 2,601 ",3%," 3,109 "
Lakes,SS04,Yirol East,,SS0407," 165,810 ",11%," 17,908 ",10%," 15,918 ",16%," 26,364 ",17%," 28,354 ",20%," 33,660 ",20%," 32,499 ",3%," 4,245 ",4%," 6,865 "
Lakes,SS04,Yirol West,,SS0408," 181,325 ",9%," 16,174 ",8%," 14,143 ",17%," 30,281 ",21%," 37,172 ",21%," 38,078 ",17%," 31,188 ",3%," 5,585 ",5%," 8,704 "
Northern Bahr el Ghazal,SS05,Aweil Centre,,SS0501," 78,958 ",18%," 13,976 ",14%," 10,975 ",14%," 11,109 ",13%," 10,501 ",15%," 11,765 ",17%," 13,344 ",4%," 2,929 ",6%," 4,359 "
Northern Bahr el Ghazal,SS05,Aweil East,,SS0502," 395,769 ",9%," 33,799 ",9%," 36,965 ",20%," 80,262 ",21%," 84,299 ",16%," 61,740 ",18%," 71,238 ",3%," 10,686 ",4%," 16,781 "
Northern Bahr el Ghazal,SS05,Aweil North,,SS0503," 185,929 ",8%," 14,800 ",7%," 12,606 ",20%," 37,595 ",24%," 43,879 ",15%," 28,633 ",19%," 34,955 ",4%," 6,824 ",4%," 6,638 "
Northern Bahr el Ghazal,SS05,Aweil South,,SS0504," 151,604 ",11%," 16,676 ",9%," 13,129 ",16%," 24,029 ",19%," 28,653 ",19%," 29,411 ",23%," 34,869 ",2%," 2,380 ",2%," 2,456 "
Northern Bahr el Ghazal,SS05,Aweil West,,SS0505," 223,173 ",10%," 22,764 ",12%," 25,888 ",19%," 42,626 ",19%," 43,072 ",17%," 38,832 ",18%," 40,171 ",2%," 4,865 ",2%," 4,954 "
Unity,SS06,Abiemnhom,,SS0601," 60,349 ",10%," 5,993 ",9%," 5,142 ",18%," 11,056 ",16%," 9,656 ",20%," 12,010 ",23%," 14,061 ",2%," 1,098 ",2%," 1,334 "
Unity,SS06,Guit,,SS0602," 73,878 ",12%," 8,644 ",10%," 7,454 ",19%," 13,749 ",19%," 13,889 ",14%," 10,269 ",17%," 12,190 ",5%," 3,406 ",6%," 4,278 "
Unity,SS06,Koch,,SS0603," 115,158 ",9%," 10,019 ",7%," 8,245 ",17%," 19,738 ",20%," 23,262 ",16%," 18,886 ",18%," 20,498 ",3%," 3,743 ",9%," 10,767 "
Unity,SS06,Leer,,SS0604," 86,784 ",9%," 7,941 ",8%," 7,290 ",17%," 14,493 ",18%," 15,795 ",20%," 17,096 ",23%," 19,613 ",1%," 1,076 ",4%," 3,480 "
Unity,SS06,Mayendit,,SS0605," 74,335 ",10%," 7,106 ",8%," 5,902 ",20%," 15,001 ",18%," 13,083 ",18%," 13,157 ",18%," 13,157 ",3%," 2,394 ",6%," 4,534 "
Unity,SS06,Mayom,,SS0606," 170,251 ",12%," 19,749 ",9%," 15,816 ",17%," 28,262 ",20%," 33,540 ",14%," 23,154 ",14%," 23,171 ",7%," 12,650 ",8%," 13,910 "
Unity,SS06,Panyijiar,,SS0607," 126,239 ",8%," 9,619 ",10%," 12,536 ",18%," 23,253 ",22%," 28,151 ",21%," 26,384 ",17%," 21,713 ",3%," 3,857 ",1%, 726 
Unity,SS06,Pariang,,SS0608," 143,832 ",12%," 17,691 ",10%," 13,851 ",17%," 24,451 ",17%," 24,020 ",18%," 25,171 ",19%," 27,616 ",3%," 4,257 ",5%," 6,774 "
Unity,SS06,Rubkona,,SS0609," 361,802 ",10%," 36,904 ",10%," 35,891 ",16%," 58,250 ",17%," 60,493 ",19%," 69,828 ",19%," 67,295 ",4%," 13,785 ",5%," 19,356 "
Upper Nile,SS07,Baliet,,SS0701," 76,145 ",8%," 5,825 ",6%," 4,378 ",25%," 19,112 ",23%," 17,209 ",15%," 11,574 ",14%," 10,280 ",6%," 4,272 ",5%," 3,495 "
Upper Nile,SS07,Fashoda,,SS0702," 83,775 ",10%," 8,629 ",9%," 7,205 ",19%," 16,085 ",16%," 13,739 ",12%," 10,388 ",17%," 14,577 ",5%," 4,189 ",11%," 8,964 "
Upper Nile,SS07,Longochuk,,SS0703," 80,526 ",12%," 9,502 ",8%," 6,780 ",17%," 14,052 ",18%," 14,173 ",18%," 14,414 ",21%," 16,830 ",2%," 1,772 ",4%," 3,004 "
Upper Nile,SS07,Luakpiny/Nasir,,SS0704," 350,742 ",11%," 39,634 ",12%," 41,388 ",17%," 58,048 ",18%," 64,186 ",16%," 56,820 ",19%," 66,641 ",3%," 10,592 ",4%," 13,433 "
Upper Nile,SS07,Maban,,SS0705," 84,550 ",8%," 6,798 ",8%," 7,178 ",20%," 17,248 ",21%," 17,544 ",19%," 15,980 ",17%," 14,458 ",3%," 2,241 ",4%," 3,103 "
Upper Nile,SS07,Maiwut,,SS0706," 147,823 ",14%," 20,695 ",10%," 14,501 ",18%," 26,327 ",13%," 19,069 ",18%," 27,052 ",19%," 28,382 ",3%," 4,642 ",5%," 7,155 "
Upper Nile,SS07,Malakal,,SS0707," 204,041 ",4%," 8,529 ",3%," 6,325 ",9%," 18,731 ",7%," 13,752 ",30%," 61,212 ",26%," 52,030 ",16%," 33,055 ",5%," 10,406 "
Upper Nile,SS07,Manyo,,SS0708," 83,853 ",10%," 8,637 ",10%," 8,075 ",11%," 8,805 ",11%," 9,308 ",27%," 22,515 ",25%," 20,628 ",4%," 2,968 ",3%," 2,918 "
Upper Nile,SS07,Melut,,SS0709," 134,054 ",10%," 13,808 ",10%," 13,942 ",22%," 29,760 ",19%," 25,296 ",17%," 22,253 ",18%," 23,459 ",1%," 1,528 ",3%," 4,008 "
Upper Nile,SS07,Panyikang,,SS0710," 69,656 ",3%," 2,320 ",3%," 2,111 ",11%," 7,474 ",7%," 4,604 ",29%," 20,479 ",20%," 13,583 ",15%," 10,239 ",13%," 8,846 "
Upper Nile,SS07,Renk,,SS0711," 210,351 ",10%," 20,215 ",8%," 16,954 ",23%," 47,750 ",18%," 37,863 ",17%," 36,138 ",17%," 36,601 ",4%," 7,362 ",4%," 7,467 "
Upper Nile,SS07,Ulang,,SS0712," 167,265 ",8%," 13,164 ",6%," 10,789 ",17%," 28,937 ",20%," 32,951 ",19%," 32,433 ",21%," 34,791 ",3%," 5,620 ",5%," 8,581 "
Warrap,SS08,Gogrial East,,SS0801," 138,793 ",9%," 12,686 ",9%," 12,630 ",19%," 26,926 ",18%," 25,316 ",19%," 26,509 ",17%," 23,317 ",4%," 4,955 ",5%," 6,454 "
Warrap,SS08,Gogrial West,,SS0802," 347,953 ",8%," 29,193 ",7%," 23,313 ",22%," 75,889 ",19%," 65,763 ",19%," 67,155 ",18%," 64,023 ",2%," 7,725 ",4%," 14,892 "
Warrap,SS08,Tonj East,,SS0803," 190,959 ",8%," 15,506 ",8%," 15,239 ",21%," 40,560 ",20%," 37,237 ",21%," 40,101 ",15%," 29,217 ",5%," 8,803 ",2%," 4,297 "
Warrap,SS08,Tonj North,,SS0804," 271,487 ",8%," 20,579 ",8%," 22,778 ",18%," 49,139 ",17%," 46,967 ",18%," 49,954 ",18%," 49,954 ",5%," 13,330 ",7%," 18,787 "
Warrap,SS08,Tonj South,,SS0805," 126,289 ",7%," 8,802 ",8%," 10,419 ",19%," 23,363 ",20%," 25,068 ",21%," 26,394 ",19%," 23,363 ",5%," 6,491 ",2%," 2,387 "
Warrap,SS08,Twic,,SS0806," 291,675 ",8%," 24,501 ",6%," 17,355 ",20%," 59,210 ",22%," 63,877 ",17%," 50,460 ",19%," 55,652 ",3%," 9,013 ",4%," 11,609 "
Western Bahr el Ghazal,SS09,Jur River,,SS0901," 293,840 ",9%," 25,594 ",11%," 32,029 ",20%," 58,092 ",20%," 57,887 ",17%," 49,365 ",20%," 57,299 ",2%," 6,347 ",2%," 7,228 "
Western Bahr el Ghazal,SS09,Raja,Raga,SS0902," 76,633 ",10%," 7,318 ",8%," 6,100 ",20%," 15,518 ",18%," 14,100 ",19%," 14,867 ",19%," 14,790 ",2%," 1,402 ",3%," 2,537 "
Western Bahr el Ghazal,SS09,Wau,,SS0903," 345,948 ",13%," 45,665 ",12%," 42,898 ",14%," 46,703 ",18%," 60,956 ",19%," 65,038 ",22%," 77,492 ",1%," 4,449 ",1%," 2,747 "
Western Equatoria,SS10,Ezo,,SS1001," 138,291 ",6%," 8,159 ",9%," 11,865 ",17%," 23,924 ",18%," 25,376 ",18%," 25,169 ",23%," 31,669 ",5%," 7,482 ",3%," 4,647 "
Western Equatoria,SS10,Ibba,,SS1002," 68,544 ",9%," 6,073 ",7%," 4,524 ",21%," 14,189 ",17%," 11,721 ",22%," 15,285 ",21%," 14,051 ",2%," 1,206 ",2%," 1,494 "
Western Equatoria,SS10,Maridi,,SS1003," 113,864 ",10%," 11,307 ",8%," 9,587 ",16%," 18,104 ",17%," 19,095 ",19%," 21,406 ",24%," 27,213 ",2%," 2,118 ",4%," 5,033 "
Western Equatoria,SS10,Mundri East,,SS1004," 103,283 ",10%," 10,204 ",9%," 9,419 ",16%," 16,185 ",12%," 12,807 ",24%," 24,272 ",23%," 23,549 ",4%," 3,801 ",3%," 3,047 "
Western Equatoria,SS10,Mundri West,,SS1005," 51,413 ",9%," 4,869 ",9%," 4,668 ",22%," 11,182 ",16%," 8,380 ",19%," 9,779 ",21%," 10,540 ",2%, 792 ,2%," 1,203 "
Western Equatoria,SS10,Mvolo,,SS1006," 77,611 ",11%," 8,460 ",8%," 6,209 ",19%," 15,010 ",18%," 13,582 ",18%," 13,659 ",20%," 15,367 ",3%," 2,561 ",4%," 2,763 "
Western Equatoria,SS10,Nagero,,SS1007," 61,561 ",6%," 3,700 ",6%," 3,577 ",18%," 10,835 ",14%," 8,852 ",22%," 13,543 ",31%," 19,084 ",2%," 1,506 ",1%, 464 
Western Equatoria,SS10,Nzara,,SS1008," 86,370 ",9%," 8,136 ",11%," 9,760 ",17%," 14,761 ",16%," 14,165 ",18%," 15,460 ",22%," 18,656 ",4%," 3,317 ",2%," 2,116 "
Western Equatoria,SS10,Tambura,,SS1009," 122,913 ",12%," 14,332 ",11%," 12,906 ",14%," 16,962 ",16%," 20,035 ",20%," 24,951 ",24%," 29,007 ",2%," 2,139 ",2%," 2,581 "
Western Equatoria,SS10,Yambio,,SS1010," 173,972 ",10%," 17,763 ",10%," 17,745 ",17%," 29,575 ",15%," 25,400 ",22%," 38,796 ",22%," 38,970 ",1%," 2,296 ",2%," 3,427 "
,,,,," 13,442,554 ",10%," 1,295,914 ",9%," 1,187,529 ",18%," 2,377,402 ",17%," 2,334,265 ",19%," 2,554,964 ",20%," 2,711,760 ",3%," 457,628 ",4%," 523,093 "
,,,,,,,,,,,,,,,,,,,,,
